,rebalancing_date,week_start,week_end
1,2017-01-02,2017-01-02,2017-01-06
2,2017-01-03,2017-01-02,2017-01-06
3,2017-01-04,2017-01-02,2017-01-06
4,2017-01-05,2017-01-02,2017-01-06
5,2017-01-06,2017-01-02,2017-01-06
6,2017-01-09,2017-01-09,2017-01-13
7,2017-01-10,2017-01-09,2017-01-13
8,2017-01-11,2017-01-09,2017-01-13
9,2017-01-12,2017-01-09,2017-01-13
10,2017-01-13,2017-01-09,2017-01-13
11,2017-01-16,2017-01-16,2017-01-20
12,2017-01-17,2017-01-16,2017-01-20
13,2017-01-18,2017-01-16,2017-01-20
14,2017-01-19,2017-01-16,2017-01-20
15,2017-01-20,2017-01-16,2017-01-20
16,2017-01-23,2017-01-23,2017-01-27
17,2017-01-24,2017-01-23,2017-01-27
18,2017-01-25,2017-01-23,2017-01-27
19,2017-01-27,2017-01-23,2017-01-27
20,2017-01-30,2017-01-30,2017-02-03
21,2017-01-31,2017-01-30,2017-02-03
22,2017-02-01,2017-01-30,2017-02-03
23,2017-02-02,2017-01-30,2017-02-03
24,2017-02-03,2017-01-30,2017-02-03
25,2017-02-06,2017-02-06,2017-02-10
26,2017-02-07,2017-02-06,2017-02-10
27,2017-02-08,2017-02-06,2017-02-10
28,2017-02-09,2017-02-06,2017-02-10
29,2017-02-10,2017-02-06,2017-02-10
30,2017-02-13,2017-02-13,2017-02-17
31,2017-02-14,2017-02-13,2017-02-17
32,2017-02-15,2017-02-13,2017-02-17
33,2017-02-16,2017-02-13,2017-02-17
34,2017-02-17,2017-02-13,2017-02-17
35,2017-02-20,2017-02-20,2017-02-23
36,2017-02-21,2017-02-20,2017-02-23
37,2017-02-22,2017-02-20,2017-02-23
38,2017-02-23,2017-02-20,2017-02-23
39,2017-02-27,2017-02-27,2017-03-03
40,2017-02-28,2017-02-27,2017-03-03
41,2017-03-01,2017-02-27,2017-03-03
42,2017-03-02,2017-02-27,2017-03-03
43,2017-03-03,2017-02-27,2017-03-03
44,2017-03-06,2017-03-06,2017-03-10
45,2017-03-07,2017-03-06,2017-03-10
46,2017-03-08,2017-03-06,2017-03-10
47,2017-03-09,2017-03-06,2017-03-10
48,2017-03-10,2017-03-06,2017-03-10
49,2017-03-14,2017-03-13,2017-03-17
50,2017-03-15,2017-03-13,2017-03-17
51,2017-03-16,2017-03-13,2017-03-17
52,2017-03-17,2017-03-13,2017-03-17
53,2017-03-20,2017-03-20,2017-03-24
54,2017-03-21,2017-03-20,2017-03-24
55,2017-03-22,2017-03-20,2017-03-24
56,2017-03-23,2017-03-20,2017-03-24
57,2017-03-24,2017-03-20,2017-03-24
58,2017-03-27,2017-03-27,2017-03-31
59,2017-03-28,2017-03-27,2017-03-31
60,2017-03-29,2017-03-27,2017-03-31
61,2017-03-30,2017-03-27,2017-03-31
62,2017-03-31,2017-03-27,2017-03-31
63,2017-04-03,2017-04-03,2017-04-07
64,2017-04-05,2017-04-03,2017-04-07
65,2017-04-06,2017-04-03,2017-04-07
66,2017-04-07,2017-04-03,2017-04-07
67,2017-04-10,2017-04-10,2017-04-13
68,2017-04-11,2017-04-10,2017-04-13
69,2017-04-12,2017-04-10,2017-04-13
70,2017-04-13,2017-04-10,2017-04-13
71,2017-04-17,2017-04-17,2017-04-21
72,2017-04-18,2017-04-17,2017-04-21
73,2017-04-19,2017-04-17,2017-04-21
74,2017-04-20,2017-04-17,2017-04-21
75,2017-04-21,2017-04-17,2017-04-21
76,2017-04-24,2017-04-24,2017-04-28
77,2017-04-25,2017-04-24,2017-04-28
78,2017-04-26,2017-04-24,2017-04-28
79,2017-04-27,2017-04-24,2017-04-28
80,2017-04-28,2017-04-24,2017-04-28
81,2017-05-02,2017-05-01,2017-05-05
82,2017-05-03,2017-05-01,2017-05-05
83,2017-05-04,2017-05-01,2017-05-05
84,2017-05-05,2017-05-01,2017-05-05
85,2017-05-08,2017-05-08,2017-05-12
86,2017-05-09,2017-05-08,2017-05-12
87,2017-05-10,2017-05-08,2017-05-12
88,2017-05-11,2017-05-08,2017-05-12
89,2017-05-12,2017-05-08,2017-05-12
90,2017-05-15,2017-05-15,2017-05-19
91,2017-05-16,2017-05-15,2017-05-19
92,2017-05-17,2017-05-15,2017-05-19
93,2017-05-18,2017-05-15,2017-05-19
94,2017-05-19,2017-05-15,2017-05-19
95,2017-05-22,2017-05-22,2017-05-26
96,2017-05-23,2017-05-22,2017-05-26
97,2017-05-24,2017-05-22,2017-05-26
98,2017-05-25,2017-05-22,2017-05-26
99,2017-05-26,2017-05-22,2017-05-26
100,2017-05-29,2017-05-29,2017-06-02
101,2017-05-30,2017-05-29,2017-06-02
102,2017-05-31,2017-05-29,2017-06-02
103,2017-06-01,2017-05-29,2017-06-02
104,2017-06-02,2017-05-29,2017-06-02
105,2017-06-05,2017-06-05,2017-06-09
106,2017-06-06,2017-06-05,2017-06-09
107,2017-06-07,2017-06-05,2017-06-09
108,2017-06-08,2017-06-05,2017-06-09
109,2017-06-09,2017-06-05,2017-06-09
110,2017-06-12,2017-06-12,2017-06-16
111,2017-06-13,2017-06-12,2017-06-16
112,2017-06-14,2017-06-12,2017-06-16
113,2017-06-15,2017-06-12,2017-06-16
114,2017-06-16,2017-06-12,2017-06-16
115,2017-06-19,2017-06-19,2017-06-23
116,2017-06-20,2017-06-19,2017-06-23
117,2017-06-21,2017-06-19,2017-06-23
118,2017-06-22,2017-06-19,2017-06-23
119,2017-06-23,2017-06-19,2017-06-23
120,2017-06-27,2017-06-26,2017-06-30
121,2017-06-28,2017-06-26,2017-06-30
122,2017-06-29,2017-06-26,2017-06-30
123,2017-06-30,2017-06-26,2017-06-30
124,2017-07-03,2017-07-03,2017-07-07
125,2017-07-04,2017-07-03,2017-07-07
126,2017-07-05,2017-07-03,2017-07-07
127,2017-07-06,2017-07-03,2017-07-07
128,2017-07-07,2017-07-03,2017-07-07
129,2017-07-10,2017-07-10,2017-07-14
130,2017-07-11,2017-07-10,2017-07-14
131,2017-07-12,2017-07-10,2017-07-14
132,2017-07-13,2017-07-10,2017-07-14
133,2017-07-14,2017-07-10,2017-07-14
134,2017-07-17,2017-07-17,2017-07-21
135,2017-07-18,2017-07-17,2017-07-21
136,2017-07-19,2017-07-17,2017-07-21
137,2017-07-20,2017-07-17,2017-07-21
138,2017-07-21,2017-07-17,2017-07-21
139,2017-07-24,2017-07-24,2017-07-28
140,2017-07-25,2017-07-24,2017-07-28
141,2017-07-26,2017-07-24,2017-07-28
142,2017-07-27,2017-07-24,2017-07-28
143,2017-07-28,2017-07-24,2017-07-28
144,2017-07-31,2017-07-31,2017-08-04
145,2017-08-01,2017-07-31,2017-08-04
146,2017-08-02,2017-07-31,2017-08-04
147,2017-08-03,2017-07-31,2017-08-04
148,2017-08-04,2017-07-31,2017-08-04
149,2017-08-07,2017-08-07,2017-08-11
150,2017-08-08,2017-08-07,2017-08-11
151,2017-08-09,2017-08-07,2017-08-11
152,2017-08-10,2017-08-07,2017-08-11
153,2017-08-11,2017-08-07,2017-08-11
154,2017-08-14,2017-08-14,2017-08-18
155,2017-08-16,2017-08-14,2017-08-18
156,2017-08-17,2017-08-14,2017-08-18
157,2017-08-18,2017-08-14,2017-08-18
158,2017-08-21,2017-08-21,2017-08-24
159,2017-08-22,2017-08-21,2017-08-24
160,2017-08-23,2017-08-21,2017-08-24
161,2017-08-24,2017-08-21,2017-08-24
162,2017-08-28,2017-08-28,2017-09-01
163,2017-08-29,2017-08-28,2017-09-01
164,2017-08-30,2017-08-28,2017-09-01
165,2017-08-31,2017-08-28,2017-09-01
166,2017-09-01,2017-08-28,2017-09-01
167,2017-09-04,2017-09-04,2017-09-08
168,2017-09-05,2017-09-04,2017-09-08
169,2017-09-06,2017-09-04,2017-09-08
170,2017-09-07,2017-09-04,2017-09-08
171,2017-09-08,2017-09-04,2017-09-08
172,2017-09-11,2017-09-11,2017-09-15
173,2017-09-12,2017-09-11,2017-09-15
174,2017-09-13,2017-09-11,2017-09-15
175,2017-09-14,2017-09-11,2017-09-15
176,2017-09-15,2017-09-11,2017-09-15
177,2017-09-18,2017-09-18,2017-09-22
178,2017-09-19,2017-09-18,2017-09-22
179,2017-09-20,2017-09-18,2017-09-22
180,2017-09-21,2017-09-18,2017-09-22
181,2017-09-22,2017-09-18,2017-09-22
182,2017-09-25,2017-09-25,2017-09-29
183,2017-09-26,2017-09-25,2017-09-29
184,2017-09-27,2017-09-25,2017-09-29
185,2017-09-28,2017-09-25,2017-09-29
186,2017-09-29,2017-09-25,2017-09-29
187,2017-10-03,2017-10-02,2017-10-06
188,2017-10-04,2017-10-02,2017-10-06
189,2017-10-05,2017-10-02,2017-10-06
190,2017-10-06,2017-10-02,2017-10-06
191,2017-10-09,2017-10-09,2017-10-13
192,2017-10-10,2017-10-09,2017-10-13
193,2017-10-11,2017-10-09,2017-10-13
194,2017-10-12,2017-10-09,2017-10-13
195,2017-10-13,2017-10-09,2017-10-13
196,2017-10-16,2017-10-16,2017-10-19
197,2017-10-17,2017-10-16,2017-10-19
198,2017-10-18,2017-10-16,2017-10-19
199,2017-10-19,2017-10-16,2017-10-19
200,2017-10-23,2017-10-23,2017-10-27
201,2017-10-24,2017-10-23,2017-10-27
202,2017-10-25,2017-10-23,2017-10-27
203,2017-10-26,2017-10-23,2017-10-27
204,2017-10-27,2017-10-23,2017-10-27
205,2017-10-30,2017-10-30,2017-11-03
206,2017-10-31,2017-10-30,2017-11-03
207,2017-11-01,2017-10-30,2017-11-03
208,2017-11-02,2017-10-30,2017-11-03
209,2017-11-03,2017-10-30,2017-11-03
210,2017-11-06,2017-11-06,2017-11-10
211,2017-11-07,2017-11-06,2017-11-10
212,2017-11-08,2017-11-06,2017-11-10
213,2017-11-09,2017-11-06,2017-11-10
214,2017-11-10,2017-11-06,2017-11-10
215,2017-11-13,2017-11-13,2017-11-17
216,2017-11-14,2017-11-13,2017-11-17
217,2017-11-15,2017-11-13,2017-11-17
218,2017-11-16,2017-11-13,2017-11-17
219,2017-11-17,2017-11-13,2017-11-17
220,2017-11-20,2017-11-20,2017-11-24
221,2017-11-21,2017-11-20,2017-11-24
222,2017-11-22,2017-11-20,2017-11-24
223,2017-11-23,2017-11-20,2017-11-24
224,2017-11-24,2017-11-20,2017-11-24
225,2017-11-27,2017-11-27,2017-12-01
226,2017-11-28,2017-11-27,2017-12-01
227,2017-11-29,2017-11-27,2017-12-01
228,2017-11-30,2017-11-27,2017-12-01
229,2017-12-01,2017-11-27,2017-12-01
230,2017-12-04,2017-12-04,2017-12-08
231,2017-12-05,2017-12-04,2017-12-08
232,2017-12-06,2017-12-04,2017-12-08
233,2017-12-07,2017-12-04,2017-12-08
234,2017-12-08,2017-12-04,2017-12-08
235,2017-12-11,2017-12-11,2017-12-15
236,2017-12-12,2017-12-11,2017-12-15
237,2017-12-13,2017-12-11,2017-12-15
238,2017-12-14,2017-12-11,2017-12-15
239,2017-12-15,2017-12-11,2017-12-15
240,2017-12-18,2017-12-18,2017-12-22
241,2017-12-19,2017-12-18,2017-12-22
242,2017-12-20,2017-12-18,2017-12-22
243,2017-12-21,2017-12-18,2017-12-22
244,2017-12-22,2017-12-18,2017-12-22
245,2017-12-26,2017-12-25,2017-12-29
246,2017-12-27,2017-12-25,2017-12-29
247,2017-12-28,2017-12-25,2017-12-29
248,2017-12-29,2017-12-25,2017-12-29
249,2018-01-01,2018-01-01,2018-01-05
250,2018-01-02,2018-01-01,2018-01-05
251,2018-01-03,2018-01-01,2018-01-05
252,2018-01-04,2018-01-01,2018-01-05
253,2018-01-05,2018-01-01,2018-01-05
254,2018-01-08,2018-01-08,2018-01-12
255,2018-01-09,2018-01-08,2018-01-12
256,2018-01-10,2018-01-08,2018-01-12
257,2018-01-11,2018-01-08,2018-01-12
258,2018-01-12,2018-01-08,2018-01-12
259,2018-01-15,2018-01-15,2018-01-19
260,2018-01-16,2018-01-15,2018-01-19
261,2018-01-17,2018-01-15,2018-01-19
262,2018-01-18,2018-01-15,2018-01-19
263,2018-01-19,2018-01-15,2018-01-19
264,2018-01-22,2018-01-22,2018-01-25
265,2018-01-23,2018-01-22,2018-01-25
266,2018-01-24,2018-01-22,2018-01-25
267,2018-01-25,2018-01-22,2018-01-25
268,2018-01-29,2018-01-29,2018-02-02
269,2018-01-30,2018-01-29,2018-02-02
270,2018-01-31,2018-01-29,2018-02-02
271,2018-02-01,2018-01-29,2018-02-02
272,2018-02-02,2018-01-29,2018-02-02
273,2018-02-05,2018-02-05,2018-02-09
274,2018-02-06,2018-02-05,2018-02-09
275,2018-02-07,2018-02-05,2018-02-09
276,2018-02-08,2018-02-05,2018-02-09
277,2018-02-09,2018-02-05,2018-02-09
278,2018-02-12,2018-02-12,2018-02-16
279,2018-02-14,2018-02-12,2018-02-16
280,2018-02-15,2018-02-12,2018-02-16
281,2018-02-16,2018-02-12,2018-02-16
282,2018-02-19,2018-02-19,2018-02-23
283,2018-02-20,2018-02-19,2018-02-23
284,2018-02-21,2018-02-19,2018-02-23
285,2018-02-22,2018-02-19,2018-02-23
286,2018-02-23,2018-02-19,2018-02-23
287,2018-02-26,2018-02-26,2018-03-01
288,2018-02-27,2018-02-26,2018-03-01
289,2018-02-28,2018-02-26,2018-03-01
290,2018-03-01,2018-02-26,2018-03-01
291,2018-03-05,2018-03-05,2018-03-09
292,2018-03-06,2018-03-05,2018-03-09
293,2018-03-07,2018-03-05,2018-03-09
294,2018-03-08,2018-03-05,2018-03-09
295,2018-03-09,2018-03-05,2018-03-09
296,2018-03-12,2018-03-12,2018-03-16
297,2018-03-13,2018-03-12,2018-03-16
298,2018-03-14,2018-03-12,2018-03-16
299,2018-03-15,2018-03-12,2018-03-16
300,2018-03-16,2018-03-12,2018-03-16
301,2018-03-19,2018-03-19,2018-03-23
302,2018-03-20,2018-03-19,2018-03-23
303,2018-03-21,2018-03-19,2018-03-23
304,2018-03-22,2018-03-19,2018-03-23
305,2018-03-23,2018-03-19,2018-03-23
306,2018-03-26,2018-03-26,2018-03-28
307,2018-03-27,2018-03-26,2018-03-28
308,2018-03-28,2018-03-26,2018-03-28
309,2018-04-02,2018-04-02,2018-04-06
310,2018-04-03,2018-04-02,2018-04-06
311,2018-04-04,2018-04-02,2018-04-06
312,2018-04-05,2018-04-02,2018-04-06
313,2018-04-06,2018-04-02,2018-04-06
314,2018-04-09,2018-04-09,2018-04-13
315,2018-04-10,2018-04-09,2018-04-13
316,2018-04-11,2018-04-09,2018-04-13
317,2018-04-12,2018-04-09,2018-04-13
318,2018-04-13,2018-04-09,2018-04-13
319,2018-04-16,2018-04-16,2018-04-20
320,2018-04-17,2018-04-16,2018-04-20
321,2018-04-18,2018-04-16,2018-04-20
322,2018-04-19,2018-04-16,2018-04-20
323,2018-04-20,2018-04-16,2018-04-20
324,2018-04-23,2018-04-23,2018-04-27
325,2018-04-24,2018-04-23,2018-04-27
326,2018-04-25,2018-04-23,2018-04-27
327,2018-04-26,2018-04-23,2018-04-27
328,2018-04-27,2018-04-23,2018-04-27
329,2018-04-30,2018-04-30,2018-05-04
330,2018-05-02,2018-04-30,2018-05-04
331,2018-05-03,2018-04-30,2018-05-04
332,2018-05-04,2018-04-30,2018-05-04
333,2018-05-07,2018-05-07,2018-05-11
334,2018-05-08,2018-05-07,2018-05-11
335,2018-05-09,2018-05-07,2018-05-11
336,2018-05-10,2018-05-07,2018-05-11
337,2018-05-11,2018-05-07,2018-05-11
338,2018-05-14,2018-05-14,2018-05-18
339,2018-05-15,2018-05-14,2018-05-18
340,2018-05-16,2018-05-14,2018-05-18
341,2018-05-17,2018-05-14,2018-05-18
342,2018-05-18,2018-05-14,2018-05-18
343,2018-05-21,2018-05-21,2018-05-25
344,2018-05-22,2018-05-21,2018-05-25
345,2018-05-23,2018-05-21,2018-05-25
346,2018-05-24,2018-05-21,2018-05-25
347,2018-05-25,2018-05-21,2018-05-25
348,2018-05-28,2018-05-28,2018-06-01
349,2018-05-29,2018-05-28,2018-06-01
350,2018-05-30,2018-05-28,2018-06-01
351,2018-05-31,2018-05-28,2018-06-01
352,2018-06-01,2018-05-28,2018-06-01
353,2018-06-04,2018-06-04,2018-06-08
354,2018-06-05,2018-06-04,2018-06-08
355,2018-06-06,2018-06-04,2018-06-08
356,2018-06-07,2018-06-04,2018-06-08
357,2018-06-08,2018-06-04,2018-06-08
358,2018-06-11,2018-06-11,2018-06-15
359,2018-06-12,2018-06-11,2018-06-15
360,2018-06-13,2018-06-11,2018-06-15
361,2018-06-14,2018-06-11,2018-06-15
362,2018-06-15,2018-06-11,2018-06-15
363,2018-06-18,2018-06-18,2018-06-22
364,2018-06-19,2018-06-18,2018-06-22
365,2018-06-20,2018-06-18,2018-06-22
366,2018-06-21,2018-06-18,2018-06-22
367,2018-06-22,2018-06-18,2018-06-22
368,2018-06-25,2018-06-25,2018-06-29
369,2018-06-26,2018-06-25,2018-06-29
370,2018-06-27,2018-06-25,2018-06-29
371,2018-06-28,2018-06-25,2018-06-29
372,2018-06-29,2018-06-25,2018-06-29
373,2018-07-02,2018-07-02,2018-07-06
374,2018-07-03,2018-07-02,2018-07-06
375,2018-07-04,2018-07-02,2018-07-06
376,2018-07-05,2018-07-02,2018-07-06
377,2018-07-06,2018-07-02,2018-07-06
378,2018-07-09,2018-07-09,2018-07-13
379,2018-07-10,2018-07-09,2018-07-13
380,2018-07-11,2018-07-09,2018-07-13
381,2018-07-12,2018-07-09,2018-07-13
382,2018-07-13,2018-07-09,2018-07-13
383,2018-07-16,2018-07-16,2018-07-20
384,2018-07-17,2018-07-16,2018-07-20
385,2018-07-18,2018-07-16,2018-07-20
386,2018-07-19,2018-07-16,2018-07-20
387,2018-07-20,2018-07-16,2018-07-20
388,2018-07-23,2018-07-23,2018-07-27
389,2018-07-24,2018-07-23,2018-07-27
390,2018-07-25,2018-07-23,2018-07-27
391,2018-07-26,2018-07-23,2018-07-27
392,2018-07-27,2018-07-23,2018-07-27
393,2018-07-30,2018-07-30,2018-08-03
394,2018-07-31,2018-07-30,2018-08-03
395,2018-08-01,2018-07-30,2018-08-03
396,2018-08-02,2018-07-30,2018-08-03
397,2018-08-03,2018-07-30,2018-08-03
398,2018-08-06,2018-08-06,2018-08-10
399,2018-08-07,2018-08-06,2018-08-10
400,2018-08-08,2018-08-06,2018-08-10
401,2018-08-09,2018-08-06,2018-08-10
402,2018-08-10,2018-08-06,2018-08-10
403,2018-08-13,2018-08-13,2018-08-17
404,2018-08-14,2018-08-13,2018-08-17
405,2018-08-16,2018-08-13,2018-08-17
406,2018-08-17,2018-08-13,2018-08-17
407,2018-08-20,2018-08-20,2018-08-24
408,2018-08-21,2018-08-20,2018-08-24
409,2018-08-23,2018-08-20,2018-08-24
410,2018-08-24,2018-08-20,2018-08-24
411,2018-08-27,2018-08-27,2018-08-31
412,2018-08-28,2018-08-27,2018-08-31
413,2018-08-29,2018-08-27,2018-08-31
414,2018-08-30,2018-08-27,2018-08-31
415,2018-08-31,2018-08-27,2018-08-31
416,2018-09-03,2018-09-03,2018-09-07
417,2018-09-04,2018-09-03,2018-09-07
418,2018-09-05,2018-09-03,2018-09-07
419,2018-09-06,2018-09-03,2018-09-07
420,2018-09-07,2018-09-03,2018-09-07
421,2018-09-10,2018-09-10,2018-09-14
422,2018-09-11,2018-09-10,2018-09-14
423,2018-09-12,2018-09-10,2018-09-14
424,2018-09-14,2018-09-10,2018-09-14
425,2018-09-17,2018-09-17,2018-09-21
426,2018-09-18,2018-09-17,2018-09-21
427,2018-09-19,2018-09-17,2018-09-21
428,2018-09-21,2018-09-17,2018-09-21
429,2018-09-24,2018-09-24,2018-09-28
430,2018-09-25,2018-09-24,2018-09-28
431,2018-09-26,2018-09-24,2018-09-28
432,2018-09-27,2018-09-24,2018-09-28
433,2018-09-28,2018-09-24,2018-09-28
434,2018-10-01,2018-10-01,2018-10-05
435,2018-10-03,2018-10-01,2018-10-05
436,2018-10-04,2018-10-01,2018-10-05
437,2018-10-05,2018-10-01,2018-10-05
438,2018-10-08,2018-10-08,2018-10-12
439,2018-10-09,2018-10-08,2018-10-12
440,2018-10-10,2018-10-08,2018-10-12
441,2018-10-11,2018-10-08,2018-10-12
442,2018-10-12,2018-10-08,2018-10-12
443,2018-10-15,2018-10-15,2018-10-19
444,2018-10-16,2018-10-15,2018-10-19
445,2018-10-17,2018-10-15,2018-10-19
446,2018-10-19,2018-10-15,2018-10-19
447,2018-10-22,2018-10-22,2018-10-26
448,2018-10-23,2018-10-22,2018-10-26
449,2018-10-24,2018-10-22,2018-10-26
450,2018-10-25,2018-10-22,2018-10-26
451,2018-10-26,2018-10-22,2018-10-26
452,2018-10-29,2018-10-29,2018-11-02
453,2018-10-30,2018-10-29,2018-11-02
454,2018-10-31,2018-10-29,2018-11-02
455,2018-11-01,2018-10-29,2018-11-02
456,2018-11-02,2018-10-29,2018-11-02
457,2018-11-05,2018-11-05,2018-11-09
458,2018-11-06,2018-11-05,2018-11-09
459,2018-11-07,2018-11-05,2018-11-09
460,2018-11-09,2018-11-05,2018-11-09
461,2018-11-12,2018-11-12,2018-11-16
462,2018-11-13,2018-11-12,2018-11-16
463,2018-11-14,2018-11-12,2018-11-16
464,2018-11-15,2018-11-12,2018-11-16
465,2018-11-16,2018-11-12,2018-11-16
466,2018-11-19,2018-11-19,2018-11-22
467,2018-11-20,2018-11-19,2018-11-22
468,2018-11-21,2018-11-19,2018-11-22
469,2018-11-22,2018-11-19,2018-11-22
470,2018-11-26,2018-11-26,2018-11-30
471,2018-11-27,2018-11-26,2018-11-30
472,2018-11-28,2018-11-26,2018-11-30
473,2018-11-29,2018-11-26,2018-11-30
474,2018-11-30,2018-11-26,2018-11-30
475,2018-12-03,2018-12-03,2018-12-07
476,2018-12-04,2018-12-03,2018-12-07
477,2018-12-05,2018-12-03,2018-12-07
478,2018-12-06,2018-12-03,2018-12-07
479,2018-12-07,2018-12-03,2018-12-07
480,2018-12-10,2018-12-10,2018-12-14
481,2018-12-11,2018-12-10,2018-12-14
482,2018-12-12,2018-12-10,2018-12-14
483,2018-12-13,2018-12-10,2018-12-14
484,2018-12-14,2018-12-10,2018-12-14
485,2018-12-17,2018-12-17,2018-12-21
486,2018-12-18,2018-12-17,2018-12-21
487,2018-12-19,2018-12-17,2018-12-21
488,2018-12-20,2018-12-17,2018-12-21
489,2018-12-21,2018-12-17,2018-12-21
490,2018-12-24,2018-12-24,2018-12-28
491,2018-12-26,2018-12-24,2018-12-28
492,2018-12-27,2018-12-24,2018-12-28
493,2018-12-28,2018-12-24,2018-12-28
494,2018-12-31,2018-12-31,2019-01-04
495,2019-01-01,2018-12-31,2019-01-04
496,2019-01-02,2018-12-31,2019-01-04
497,2019-01-03,2018-12-31,2019-01-04
498,2019-01-04,2018-12-31,2019-01-04
499,2019-01-07,2019-01-07,2019-01-11
500,2019-01-08,2019-01-07,2019-01-11
501,2019-01-09,2019-01-07,2019-01-11
502,2019-01-10,2019-01-07,2019-01-11
503,2019-01-11,2019-01-07,2019-01-11
504,2019-01-14,2019-01-14,2019-01-18
505,2019-01-15,2019-01-14,2019-01-18
506,2019-01-16,2019-01-14,2019-01-18
507,2019-01-17,2019-01-14,2019-01-18
508,2019-01-18,2019-01-14,2019-01-18
509,2019-01-21,2019-01-21,2019-01-25
510,2019-01-22,2019-01-21,2019-01-25
511,2019-01-23,2019-01-21,2019-01-25
512,2019-01-24,2019-01-21,2019-01-25
513,2019-01-25,2019-01-21,2019-01-25
514,2019-01-28,2019-01-28,2019-02-01
515,2019-01-29,2019-01-28,2019-02-01
516,2019-01-30,2019-01-28,2019-02-01
517,2019-01-31,2019-01-28,2019-02-01
518,2019-02-01,2019-01-28,2019-02-01
519,2019-02-04,2019-02-04,2019-02-08
520,2019-02-05,2019-02-04,2019-02-08
521,2019-02-06,2019-02-04,2019-02-08
522,2019-02-07,2019-02-04,2019-02-08
523,2019-02-08,2019-02-04,2019-02-08
524,2019-02-11,2019-02-11,2019-02-15
525,2019-02-12,2019-02-11,2019-02-15
526,2019-02-14,2019-02-11,2019-02-15
527,2019-02-15,2019-02-11,2019-02-15
528,2019-02-18,2019-02-18,2019-02-22
529,2019-02-19,2019-02-18,2019-02-22
530,2019-02-20,2019-02-18,2019-02-22
531,2019-02-21,2019-02-18,2019-02-22
532,2019-02-22,2019-02-18,2019-02-22
533,2019-02-25,2019-02-25,2019-03-01
534,2019-02-26,2019-02-25,2019-03-01
535,2019-02-27,2019-02-25,2019-03-01
536,2019-02-28,2019-02-25,2019-03-01
537,2019-03-01,2019-02-25,2019-03-01
538,2019-03-05,2019-03-04,2019-03-08
539,2019-03-06,2019-03-04,2019-03-08
540,2019-03-07,2019-03-04,2019-03-08
541,2019-03-08,2019-03-04,2019-03-08
542,2019-03-11,2019-03-11,2019-03-15
543,2019-03-12,2019-03-11,2019-03-15
544,2019-03-13,2019-03-11,2019-03-15
545,2019-03-14,2019-03-11,2019-03-15
546,2019-03-15,2019-03-11,2019-03-15
547,2019-03-18,2019-03-18,2019-03-22
548,2019-03-19,2019-03-18,2019-03-22
549,2019-03-20,2019-03-18,2019-03-22
550,2019-03-22,2019-03-18,2019-03-22
551,2019-03-25,2019-03-25,2019-03-28
552,2019-03-26,2019-03-25,2019-03-28
553,2019-03-27,2019-03-25,2019-03-28
554,2019-03-28,2019-03-25,2019-03-28
555,2019-04-01,2019-04-01,2019-04-05
556,2019-04-02,2019-04-01,2019-04-05
557,2019-04-03,2019-04-01,2019-04-05
558,2019-04-04,2019-04-01,2019-04-05
559,2019-04-05,2019-04-01,2019-04-05
560,2019-04-08,2019-04-08,2019-04-12
561,2019-04-09,2019-04-08,2019-04-12
562,2019-04-10,2019-04-08,2019-04-12
563,2019-04-11,2019-04-08,2019-04-12
564,2019-04-12,2019-04-08,2019-04-12
565,2019-04-15,2019-04-15,2019-04-18
566,2019-04-16,2019-04-15,2019-04-18
567,2019-04-18,2019-04-15,2019-04-18
568,2019-04-22,2019-04-22,2019-04-26
569,2019-04-23,2019-04-22,2019-04-26
570,2019-04-24,2019-04-22,2019-04-26
571,2019-04-25,2019-04-22,2019-04-26
572,2019-04-26,2019-04-22,2019-04-26
573,2019-04-30,2019-04-29,2019-05-03
574,2019-05-02,2019-04-29,2019-05-03
575,2019-05-03,2019-04-29,2019-05-03
576,2019-05-06,2019-05-06,2019-05-10
577,2019-05-07,2019-05-06,2019-05-10
578,2019-05-08,2019-05-06,2019-05-10
579,2019-05-09,2019-05-06,2019-05-10
580,2019-05-10,2019-05-06,2019-05-10
581,2019-05-13,2019-05-13,2019-05-17
582,2019-05-14,2019-05-13,2019-05-17
583,2019-05-15,2019-05-13,2019-05-17
584,2019-05-16,2019-05-13,2019-05-17
585,2019-05-17,2019-05-13,2019-05-17
586,2019-05-20,2019-05-20,2019-05-24
587,2019-05-21,2019-05-20,2019-05-24
588,2019-05-22,2019-05-20,2019-05-24
589,2019-05-23,2019-05-20,2019-05-24
590,2019-05-24,2019-05-20,2019-05-24
591,2019-05-27,2019-05-27,2019-05-31
592,2019-05-28,2019-05-27,2019-05-31
593,2019-05-29,2019-05-27,2019-05-31
594,2019-05-30,2019-05-27,2019-05-31
595,2019-05-31,2019-05-27,2019-05-31
596,2019-06-03,2019-06-03,2019-06-07
597,2019-06-04,2019-06-03,2019-06-07
598,2019-06-06,2019-06-03,2019-06-07
599,2019-06-07,2019-06-03,2019-06-07
600,2019-06-10,2019-06-10,2019-06-14
601,2019-06-11,2019-06-10,2019-06-14
602,2019-06-12,2019-06-10,2019-06-14
603,2019-06-13,2019-06-10,2019-06-14
604,2019-06-14,2019-06-10,2019-06-14
605,2019-06-17,2019-06-17,2019-06-21
606,2019-06-18,2019-06-17,2019-06-21
607,2019-06-19,2019-06-17,2019-06-21
608,2019-06-20,2019-06-17,2019-06-21
609,2019-06-21,2019-06-17,2019-06-21
610,2019-06-24,2019-06-24,2019-06-28
611,2019-06-25,2019-06-24,2019-06-28
612,2019-06-26,2019-06-24,2019-06-28
613,2019-06-27,2019-06-24,2019-06-28
614,2019-06-28,2019-06-24,2019-06-28
615,2019-07-01,2019-07-01,2019-07-05
616,2019-07-02,2019-07-01,2019-07-05
617,2019-07-03,2019-07-01,2019-07-05
618,2019-07-04,2019-07-01,2019-07-05
619,2019-07-05,2019-07-01,2019-07-05
620,2019-07-08,2019-07-08,2019-07-12
621,2019-07-09,2019-07-08,2019-07-12
622,2019-07-10,2019-07-08,2019-07-12
623,2019-07-11,2019-07-08,2019-07-12
624,2019-07-12,2019-07-08,2019-07-12
625,2019-07-15,2019-07-15,2019-07-19
626,2019-07-16,2019-07-15,2019-07-19
627,2019-07-17,2019-07-15,2019-07-19
628,2019-07-18,2019-07-15,2019-07-19
629,2019-07-19,2019-07-15,2019-07-19
630,2019-07-22,2019-07-22,2019-07-26
631,2019-07-23,2019-07-22,2019-07-26
632,2019-07-24,2019-07-22,2019-07-26
633,2019-07-25,2019-07-22,2019-07-26
634,2019-07-26,2019-07-22,2019-07-26
635,2019-07-29,2019-07-29,2019-08-02
636,2019-07-30,2019-07-29,2019-08-02
637,2019-07-31,2019-07-29,2019-08-02
638,2019-08-01,2019-07-29,2019-08-02
639,2019-08-02,2019-07-29,2019-08-02
640,2019-08-05,2019-08-05,2019-08-09
641,2019-08-06,2019-08-05,2019-08-09
642,2019-08-07,2019-08-05,2019-08-09
643,2019-08-08,2019-08-05,2019-08-09
644,2019-08-09,2019-08-05,2019-08-09
645,2019-08-13,2019-08-12,2019-08-16
646,2019-08-14,2019-08-12,2019-08-16
647,2019-08-16,2019-08-12,2019-08-16
648,2019-08-19,2019-08-19,2019-08-23
649,2019-08-20,2019-08-19,2019-08-23
650,2019-08-21,2019-08-19,2019-08-23
651,2019-08-22,2019-08-19,2019-08-23
652,2019-08-23,2019-08-19,2019-08-23
653,2019-08-26,2019-08-26,2019-08-30
654,2019-08-27,2019-08-26,2019-08-30
655,2019-08-28,2019-08-26,2019-08-30
656,2019-08-29,2019-08-26,2019-08-30
657,2019-08-30,2019-08-26,2019-08-30
658,2019-09-03,2019-09-02,2019-09-06
659,2019-09-04,2019-09-02,2019-09-06
660,2019-09-05,2019-09-02,2019-09-06
661,2019-09-06,2019-09-02,2019-09-06
662,2019-09-09,2019-09-09,2019-09-13
663,2019-09-11,2019-09-09,2019-09-13
664,2019-09-12,2019-09-09,2019-09-13
665,2019-09-13,2019-09-09,2019-09-13
666,2019-09-16,2019-09-16,2019-09-20
667,2019-09-17,2019-09-16,2019-09-20
668,2019-09-18,2019-09-16,2019-09-20
669,2019-09-19,2019-09-16,2019-09-20
670,2019-09-20,2019-09-16,2019-09-20
671,2019-09-23,2019-09-23,2019-09-27
672,2019-09-24,2019-09-23,2019-09-27
673,2019-09-25,2019-09-23,2019-09-27
674,2019-09-26,2019-09-23,2019-09-27
675,2019-09-27,2019-09-23,2019-09-27
676,2019-09-30,2019-09-30,2019-10-04
677,2019-10-01,2019-09-30,2019-10-04
678,2019-10-03,2019-09-30,2019-10-04
679,2019-10-04,2019-09-30,2019-10-04
680,2019-10-07,2019-10-07,2019-10-11
681,2019-10-09,2019-10-07,2019-10-11
682,2019-10-10,2019-10-07,2019-10-11
683,2019-10-11,2019-10-07,2019-10-11
684,2019-10-14,2019-10-14,2019-10-18
685,2019-10-15,2019-10-14,2019-10-18
686,2019-10-16,2019-10-14,2019-10-18
687,2019-10-17,2019-10-14,2019-10-18
688,2019-10-18,2019-10-14,2019-10-18
689,2019-10-22,2019-10-21,2019-10-27
690,2019-10-23,2019-10-21,2019-10-27
691,2019-10-24,2019-10-21,2019-10-27
692,2019-10-25,2019-10-21,2019-10-27
693,2019-10-27,2019-10-21,2019-10-27
694,2019-10-29,2019-10-28,2019-11-01
695,2019-10-30,2019-10-28,2019-11-01
696,2019-10-31,2019-10-28,2019-11-01
697,2019-11-01,2019-10-28,2019-11-01
698,2019-11-04,2019-11-04,2019-11-08
699,2019-11-05,2019-11-04,2019-11-08
700,2019-11-06,2019-11-04,2019-11-08
701,2019-11-07,2019-11-04,2019-11-08
702,2019-11-08,2019-11-04,2019-11-08
703,2019-11-11,2019-11-11,2019-11-15
704,2019-11-13,2019-11-11,2019-11-15
705,2019-11-14,2019-11-11,2019-11-15
706,2019-11-15,2019-11-11,2019-11-15
707,2019-11-18,2019-11-18,2019-11-22
708,2019-11-19,2019-11-18,2019-11-22
709,2019-11-20,2019-11-18,2019-11-22
710,2019-11-21,2019-11-18,2019-11-22
711,2019-11-22,2019-11-18,2019-11-22
712,2019-11-25,2019-11-25,2019-11-29
713,2019-11-26,2019-11-25,2019-11-29
714,2019-11-27,2019-11-25,2019-11-29
715,2019-11-28,2019-11-25,2019-11-29
716,2019-11-29,2019-11-25,2019-11-29
717,2019-12-02,2019-12-02,2019-12-06
718,2019-12-03,2019-12-02,2019-12-06
719,2019-12-04,2019-12-02,2019-12-06
720,2019-12-05,2019-12-02,2019-12-06
721,2019-12-06,2019-12-02,2019-12-06
722,2019-12-09,2019-12-09,2019-12-13
723,2019-12-10,2019-12-09,2019-12-13
724,2019-12-11,2019-12-09,2019-12-13
725,2019-12-12,2019-12-09,2019-12-13
726,2019-12-13,2019-12-09,2019-12-13
727,2019-12-16,2019-12-16,2019-12-20
728,2019-12-17,2019-12-16,2019-12-20
729,2019-12-18,2019-12-16,2019-12-20
730,2019-12-19,2019-12-16,2019-12-20
731,2019-12-20,2019-12-16,2019-12-20
732,2019-12-23,2019-12-23,2019-12-27
733,2019-12-24,2019-12-23,2019-12-27
734,2019-12-26,2019-12-23,2019-12-27
735,2019-12-27,2019-12-23,2019-12-27
736,2019-12-30,2019-12-30,2020-01-03
737,2019-12-31,2019-12-30,2020-01-03
738,2020-01-01,2019-12-30,2020-01-03
739,2020-01-02,2019-12-30,2020-01-03
740,2020-01-03,2019-12-30,2020-01-03
741,2020-01-06,2020-01-06,2020-01-10
742,2020-01-07,2020-01-06,2020-01-10
743,2020-01-08,2020-01-06,2020-01-10
744,2020-01-09,2020-01-06,2020-01-10
745,2020-01-10,2020-01-06,2020-01-10
746,2020-01-13,2020-01-13,2020-01-17
747,2020-01-14,2020-01-13,2020-01-17
748,2020-01-15,2020-01-13,2020-01-17
749,2020-01-16,2020-01-13,2020-01-17
750,2020-01-17,2020-01-13,2020-01-17
751,2020-01-20,2020-01-20,2020-01-24
752,2020-01-21,2020-01-20,2020-01-24
753,2020-01-22,2020-01-20,2020-01-24
754,2020-01-23,2020-01-20,2020-01-24
755,2020-01-24,2020-01-20,2020-01-24
756,2020-01-27,2020-01-27,2020-01-31
757,2020-01-28,2020-01-27,2020-01-31
758,2020-01-29,2020-01-27,2020-01-31
759,2020-01-30,2020-01-27,2020-01-31
760,2020-01-31,2020-01-27,2020-01-31
761,2020-02-03,2020-02-03,2020-02-07
762,2020-02-04,2020-02-03,2020-02-07
763,2020-02-05,2020-02-03,2020-02-07
764,2020-02-06,2020-02-03,2020-02-07
765,2020-02-07,2020-02-03,2020-02-07
766,2020-02-10,2020-02-10,2020-02-14
767,2020-02-11,2020-02-10,2020-02-14
768,2020-02-12,2020-02-10,2020-02-14
769,2020-02-13,2020-02-10,2020-02-14
770,2020-02-14,2020-02-10,2020-02-14
771,2020-02-17,2020-02-17,2020-02-20
772,2020-02-18,2020-02-17,2020-02-20
773,2020-02-19,2020-02-17,2020-02-20
774,2020-02-20,2020-02-17,2020-02-20
775,2020-02-24,2020-02-24,2020-02-28
776,2020-02-25,2020-02-24,2020-02-28
777,2020-02-26,2020-02-24,2020-02-28
778,2020-02-27,2020-02-24,2020-02-28
779,2020-02-28,2020-02-24,2020-02-28
780,2020-03-02,2020-03-02,2020-03-06
781,2020-03-03,2020-03-02,2020-03-06
782,2020-03-04,2020-03-02,2020-03-06
783,2020-03-05,2020-03-02,2020-03-06
784,2020-03-06,2020-03-02,2020-03-06
785,2020-03-09,2020-03-09,2020-03-13
786,2020-03-11,2020-03-09,2020-03-13
787,2020-03-12,2020-03-09,2020-03-13
788,2020-03-13,2020-03-09,2020-03-13
789,2020-03-16,2020-03-16,2020-03-20
790,2020-03-17,2020-03-16,2020-03-20
791,2020-03-18,2020-03-16,2020-03-20
792,2020-03-19,2020-03-16,2020-03-20
793,2020-03-20,2020-03-16,2020-03-20
794,2020-03-23,2020-03-23,2020-03-27
795,2020-03-24,2020-03-23,2020-03-27
796,2020-03-25,2020-03-23,2020-03-27
797,2020-03-26,2020-03-23,2020-03-27
798,2020-03-27,2020-03-23,2020-03-27
799,2020-03-30,2020-03-30,2020-04-03
800,2020-03-31,2020-03-30,2020-04-03
801,2020-04-01,2020-03-30,2020-04-03
802,2020-04-03,2020-03-30,2020-04-03
803,2020-04-07,2020-04-06,2020-04-09
804,2020-04-08,2020-04-06,2020-04-09
805,2020-04-09,2020-04-06,2020-04-09
806,2020-04-13,2020-04-13,2020-04-17
807,2020-04-15,2020-04-13,2020-04-17
808,2020-04-16,2020-04-13,2020-04-17
809,2020-04-17,2020-04-13,2020-04-17
810,2020-04-20,2020-04-20,2020-04-24
811,2020-04-21,2020-04-20,2020-04-24
812,2020-04-22,2020-04-20,2020-04-24
813,2020-04-23,2020-04-20,2020-04-24
814,2020-04-24,2020-04-20,2020-04-24
815,2020-04-27,2020-04-27,2020-04-30
816,2020-04-28,2020-04-27,2020-04-30
817,2020-04-29,2020-04-27,2020-04-30
818,2020-04-30,2020-04-27,2020-04-30
819,2020-05-04,2020-05-04,2020-05-08
820,2020-05-05,2020-05-04,2020-05-08
821,2020-05-06,2020-05-04,2020-05-08
822,2020-05-07,2020-05-04,2020-05-08
823,2020-05-08,2020-05-04,2020-05-08
824,2020-05-11,2020-05-11,2020-05-15
825,2020-05-12,2020-05-11,2020-05-15
826,2020-05-13,2020-05-11,2020-05-15
827,2020-05-14,2020-05-11,2020-05-15
828,2020-05-15,2020-05-11,2020-05-15
829,2020-05-18,2020-05-18,2020-05-22
830,2020-05-19,2020-05-18,2020-05-22
831,2020-05-20,2020-05-18,2020-05-22
832,2020-05-21,2020-05-18,2020-05-22
833,2020-05-22,2020-05-18,2020-05-22
834,2020-05-26,2020-05-25,2020-05-29
835,2020-05-27,2020-05-25,2020-05-29
836,2020-05-28,2020-05-25,2020-05-29
837,2020-05-29,2020-05-25,2020-05-29
838,2020-06-01,2020-06-01,2020-06-05
839,2020-06-02,2020-06-01,2020-06-05
840,2020-06-03,2020-06-01,2020-06-05
841,2020-06-04,2020-06-01,2020-06-05
842,2020-06-05,2020-06-01,2020-06-05
843,2020-06-08,2020-06-08,2020-06-12
844,2020-06-09,2020-06-08,2020-06-12
845,2020-06-10,2020-06-08,2020-06-12
846,2020-06-11,2020-06-08,2020-06-12
847,2020-06-12,2020-06-08,2020-06-12
848,2020-06-15,2020-06-15,2020-06-19
849,2020-06-16,2020-06-15,2020-06-19
850,2020-06-17,2020-06-15,2020-06-19
851,2020-06-18,2020-06-15,2020-06-19
852,2020-06-19,2020-06-15,2020-06-19
853,2020-06-22,2020-06-22,2020-06-26
854,2020-06-23,2020-06-22,2020-06-26
855,2020-06-24,2020-06-22,2020-06-26
856,2020-06-25,2020-06-22,2020-06-26
857,2020-06-26,2020-06-22,2020-06-26
858,2020-06-29,2020-06-29,2020-07-03
859,2020-06-30,2020-06-29,2020-07-03
860,2020-07-01,2020-06-29,2020-07-03
861,2020-07-02,2020-06-29,2020-07-03
862,2020-07-03,2020-06-29,2020-07-03
863,2020-07-06,2020-07-06,2020-07-10
864,2020-07-07,2020-07-06,2020-07-10
865,2020-07-08,2020-07-06,2020-07-10
866,2020-07-09,2020-07-06,2020-07-10
867,2020-07-10,2020-07-06,2020-07-10
868,2020-07-13,2020-07-13,2020-07-17
869,2020-07-14,2020-07-13,2020-07-17
870,2020-07-15,2020-07-13,2020-07-17
871,2020-07-16,2020-07-13,2020-07-17
872,2020-07-17,2020-07-13,2020-07-17
873,2020-07-20,2020-07-20,2020-07-24
874,2020-07-21,2020-07-20,2020-07-24
875,2020-07-22,2020-07-20,2020-07-24
876,2020-07-23,2020-07-20,2020-07-24
877,2020-07-24,2020-07-20,2020-07-24
878,2020-07-27,2020-07-27,2020-07-31
879,2020-07-28,2020-07-27,2020-07-31
880,2020-07-29,2020-07-27,2020-07-31
881,2020-07-30,2020-07-27,2020-07-31
882,2020-07-31,2020-07-27,2020-07-31
883,2020-08-03,2020-08-03,2020-08-07
884,2020-08-04,2020-08-03,2020-08-07
885,2020-08-05,2020-08-03,2020-08-07
886,2020-08-06,2020-08-03,2020-08-07
887,2020-08-07,2020-08-03,2020-08-07
888,2020-08-10,2020-08-10,2020-08-14
889,2020-08-11,2020-08-10,2020-08-14
890,2020-08-12,2020-08-10,2020-08-14
891,2020-08-13,2020-08-10,2020-08-14
892,2020-08-14,2020-08-10,2020-08-14
893,2020-08-17,2020-08-17,2020-08-21
894,2020-08-18,2020-08-17,2020-08-21
895,2020-08-19,2020-08-17,2020-08-21
896,2020-08-20,2020-08-17,2020-08-21
897,2020-08-21,2020-08-17,2020-08-21
898,2020-08-24,2020-08-24,2020-08-28
899,2020-08-25,2020-08-24,2020-08-28
900,2020-08-26,2020-08-24,2020-08-28
901,2020-08-27,2020-08-24,2020-08-28
902,2020-08-28,2020-08-24,2020-08-28
903,2020-08-31,2020-08-31,2020-09-04
904,2020-09-01,2020-08-31,2020-09-04
905,2020-09-02,2020-08-31,2020-09-04
906,2020-09-03,2020-08-31,2020-09-04
907,2020-09-04,2020-08-31,2020-09-04
908,2020-09-07,2020-09-07,2020-09-11
909,2020-09-08,2020-09-07,2020-09-11
910,2020-09-09,2020-09-07,2020-09-11
911,2020-09-10,2020-09-07,2020-09-11
912,2020-09-11,2020-09-07,2020-09-11
913,2020-09-14,2020-09-14,2020-09-18
914,2020-09-15,2020-09-14,2020-09-18
915,2020-09-16,2020-09-14,2020-09-18
916,2020-09-17,2020-09-14,2020-09-18
917,2020-09-18,2020-09-14,2020-09-18
918,2020-09-21,2020-09-21,2020-09-25
919,2020-09-22,2020-09-21,2020-09-25
920,2020-09-23,2020-09-21,2020-09-25
921,2020-09-24,2020-09-21,2020-09-25
922,2020-09-25,2020-09-21,2020-09-25
923,2020-09-28,2020-09-28,2020-10-01
924,2020-09-29,2020-09-28,2020-10-01
925,2020-09-30,2020-09-28,2020-10-01
926,2020-10-01,2020-09-28,2020-10-01
927,2020-10-05,2020-10-05,2020-10-09
928,2020-10-06,2020-10-05,2020-10-09
929,2020-10-07,2020-10-05,2020-10-09
930,2020-10-08,2020-10-05,2020-10-09
931,2020-10-09,2020-10-05,2020-10-09
932,2020-10-12,2020-10-12,2020-10-16
933,2020-10-13,2020-10-12,2020-10-16
934,2020-10-14,2020-10-12,2020-10-16
935,2020-10-15,2020-10-12,2020-10-16
936,2020-10-16,2020-10-12,2020-10-16
937,2020-10-19,2020-10-19,2020-10-23
938,2020-10-20,2020-10-19,2020-10-23
939,2020-10-21,2020-10-19,2020-10-23
940,2020-10-22,2020-10-19,2020-10-23
941,2020-10-23,2020-10-19,2020-10-23
942,2020-10-26,2020-10-26,2020-10-30
943,2020-10-27,2020-10-26,2020-10-30
944,2020-10-28,2020-10-26,2020-10-30
945,2020-10-29,2020-10-26,2020-10-30
946,2020-10-30,2020-10-26,2020-10-30
947,2020-11-02,2020-11-02,2020-11-06
948,2020-11-03,2020-11-02,2020-11-06
949,2020-11-04,2020-11-02,2020-11-06
950,2020-11-05,2020-11-02,2020-11-06
951,2020-11-06,2020-11-02,2020-11-06
952,2020-11-09,2020-11-09,2020-11-14
953,2020-11-10,2020-11-09,2020-11-14
954,2020-11-11,2020-11-09,2020-11-14
955,2020-11-12,2020-11-09,2020-11-14
956,2020-11-13,2020-11-09,2020-11-14
957,2020-11-14,2020-11-09,2020-11-14
958,2020-11-17,2020-11-16,2020-11-20
959,2020-11-18,2020-11-16,2020-11-20
960,2020-11-19,2020-11-16,2020-11-20
961,2020-11-20,2020-11-16,2020-11-20
962,2020-11-23,2020-11-23,2020-11-27
963,2020-11-24,2020-11-23,2020-11-27
964,2020-11-25,2020-11-23,2020-11-27
965,2020-11-26,2020-11-23,2020-11-27
966,2020-11-27,2020-11-23,2020-11-27
967,2020-12-01,2020-11-30,2020-12-04
968,2020-12-02,2020-11-30,2020-12-04
969,2020-12-03,2020-11-30,2020-12-04
970,2020-12-04,2020-11-30,2020-12-04
971,2020-12-07,2020-12-07,2020-12-11
972,2020-12-08,2020-12-07,2020-12-11
973,2020-12-09,2020-12-07,2020-12-11
974,2020-12-10,2020-12-07,2020-12-11
975,2020-12-11,2020-12-07,2020-12-11
976,2020-12-14,2020-12-14,2020-12-18
977,2020-12-15,2020-12-14,2020-12-18
978,2020-12-16,2020-12-14,2020-12-18
979,2020-12-17,2020-12-14,2020-12-18
980,2020-12-18,2020-12-14,2020-12-18
981,2020-12-21,2020-12-21,2020-12-24
982,2020-12-22,2020-12-21,2020-12-24
983,2020-12-23,2020-12-21,2020-12-24
984,2020-12-24,2020-12-21,2020-12-24
985,2020-12-28,2020-12-28,2021-01-01
986,2020-12-29,2020-12-28,2021-01-01
987,2020-12-30,2020-12-28,2021-01-01
988,2020-12-31,2020-12-28,2021-01-01
989,2021-01-01,2020-12-28,2021-01-01
990,2021-01-04,2021-01-04,2021-01-08
991,2021-01-05,2021-01-04,2021-01-08
992,2021-01-06,2021-01-04,2021-01-08
993,2021-01-07,2021-01-04,2021-01-08
994,2021-01-08,2021-01-04,2021-01-08
995,2021-01-11,2021-01-11,2021-01-15
996,2021-01-12,2021-01-11,2021-01-15
997,2021-01-13,2021-01-11,2021-01-15
998,2021-01-14,2021-01-11,2021-01-15
999,2021-01-15,2021-01-11,2021-01-15
1000,2021-01-18,2021-01-18,2021-01-22
1001,2021-01-19,2021-01-18,2021-01-22
1002,2021-01-20,2021-01-18,2021-01-22
1003,2021-01-21,2021-01-18,2021-01-22
1004,2021-01-22,2021-01-18,2021-01-22
1005,2021-01-25,2021-01-25,2021-01-29
1006,2021-01-27,2021-01-25,2021-01-29
1007,2021-01-28,2021-01-25,2021-01-29
1008,2021-01-29,2021-01-25,2021-01-29
1009,2021-02-01,2021-02-01,2021-02-05
1010,2021-02-02,2021-02-01,2021-02-05
1011,2021-02-03,2021-02-01,2021-02-05
1012,2021-02-04,2021-02-01,2021-02-05
1013,2021-02-05,2021-02-01,2021-02-05
1014,2021-02-08,2021-02-08,2021-02-12
1015,2021-02-09,2021-02-08,2021-02-12
1016,2021-02-10,2021-02-08,2021-02-12
1017,2021-02-11,2021-02-08,2021-02-12
1018,2021-02-12,2021-02-08,2021-02-12
1019,2021-02-15,2021-02-15,2021-02-19
1020,2021-02-16,2021-02-15,2021-02-19
1021,2021-02-17,2021-02-15,2021-02-19
1022,2021-02-18,2021-02-15,2021-02-19
1023,2021-02-19,2021-02-15,2021-02-19
1024,2021-02-22,2021-02-22,2021-02-26
1025,2021-02-23,2021-02-22,2021-02-26
1026,2021-02-24,2021-02-22,2021-02-26
1027,2021-02-25,2021-02-22,2021-02-26
1028,2021-02-26,2021-02-22,2021-02-26
1029,2021-03-01,2021-03-01,2021-03-05
1030,2021-03-02,2021-03-01,2021-03-05
1031,2021-03-03,2021-03-01,2021-03-05
1032,2021-03-04,2021-03-01,2021-03-05
1033,2021-03-05,2021-03-01,2021-03-05
1034,2021-03-08,2021-03-08,2021-03-12
1035,2021-03-09,2021-03-08,2021-03-12
1036,2021-03-10,2021-03-08,2021-03-12
1037,2021-03-12,2021-03-08,2021-03-12
1038,2021-03-15,2021-03-15,2021-03-19
1039,2021-03-16,2021-03-15,2021-03-19
1040,2021-03-17,2021-03-15,2021-03-19
1041,2021-03-18,2021-03-15,2021-03-19
1042,2021-03-19,2021-03-15,2021-03-19
1043,2021-03-22,2021-03-22,2021-03-26
1044,2021-03-23,2021-03-22,2021-03-26
1045,2021-03-24,2021-03-22,2021-03-26
1046,2021-03-25,2021-03-22,2021-03-26
1047,2021-03-26,2021-03-22,2021-03-26
1048,2021-03-30,2021-03-29,2021-04-01
1049,2021-03-31,2021-03-29,2021-04-01
1050,2021-04-01,2021-03-29,2021-04-01
1051,2021-04-05,2021-04-05,2021-04-09
1052,2021-04-06,2021-04-05,2021-04-09
1053,2021-04-07,2021-04-05,2021-04-09
1054,2021-04-08,2021-04-05,2021-04-09
1055,2021-04-09,2021-04-05,2021-04-09
1056,2021-04-12,2021-04-12,2021-04-16
1057,2021-04-13,2021-04-12,2021-04-16
1058,2021-04-15,2021-04-12,2021-04-16
1059,2021-04-16,2021-04-12,2021-04-16
1060,2021-04-19,2021-04-19,2021-04-23
1061,2021-04-20,2021-04-19,2021-04-23
1062,2021-04-22,2021-04-19,2021-04-23
1063,2021-04-23,2021-04-19,2021-04-23
1064,2021-04-26,2021-04-26,2021-04-30
1065,2021-04-27,2021-04-26,2021-04-30
1066,2021-04-28,2021-04-26,2021-04-30
1067,2021-04-29,2021-04-26,2021-04-30
1068,2021-04-30,2021-04-26,2021-04-30
1069,2021-05-03,2021-05-03,2021-05-07
1070,2021-05-04,2021-05-03,2021-05-07
1071,2021-05-05,2021-05-03,2021-05-07
1072,2021-05-06,2021-05-03,2021-05-07
1073,2021-05-07,2021-05-03,2021-05-07
1074,2021-05-10,2021-05-10,2021-05-14
1075,2021-05-11,2021-05-10,2021-05-14
1076,2021-05-12,2021-05-10,2021-05-14
1077,2021-05-14,2021-05-10,2021-05-14
1078,2021-05-17,2021-05-17,2021-05-21
1079,2021-05-18,2021-05-17,2021-05-21
1080,2021-05-19,2021-05-17,2021-05-21
1081,2021-05-20,2021-05-17,2021-05-21
1082,2021-05-21,2021-05-17,2021-05-21
1083,2021-05-24,2021-05-24,2021-05-28
1084,2021-05-25,2021-05-24,2021-05-28
1085,2021-05-26,2021-05-24,2021-05-28
1086,2021-05-27,2021-05-24,2021-05-28
1087,2021-05-28,2021-05-24,2021-05-28
1088,2021-05-31,2021-05-31,2021-06-04
1089,2021-06-01,2021-05-31,2021-06-04
1090,2021-06-02,2021-05-31,2021-06-04
1091,2021-06-03,2021-05-31,2021-06-04
1092,2021-06-04,2021-05-31,2021-06-04
1093,2021-06-07,2021-06-07,2021-06-11
1094,2021-06-08,2021-06-07,2021-06-11
1095,2021-06-09,2021-06-07,2021-06-11
1096,2021-06-10,2021-06-07,2021-06-11
1097,2021-06-11,2021-06-07,2021-06-11
1098,2021-06-14,2021-06-14,2021-06-18
1099,2021-06-15,2021-06-14,2021-06-18
1100,2021-06-16,2021-06-14,2021-06-18
1101,2021-06-17,2021-06-14,2021-06-18
1102,2021-06-18,2021-06-14,2021-06-18
1103,2021-06-21,2021-06-21,2021-06-25
1104,2021-06-22,2021-06-21,2021-06-25
1105,2021-06-23,2021-06-21,2021-06-25
1106,2021-06-24,2021-06-21,2021-06-25
1107,2021-06-25,2021-06-21,2021-06-25
1108,2021-06-28,2021-06-28,2021-07-02
1109,2021-06-29,2021-06-28,2021-07-02
1110,2021-06-30,2021-06-28,2021-07-02
1111,2021-07-01,2021-06-28,2021-07-02
1112,2021-07-02,2021-06-28,2021-07-02
1113,2021-07-05,2021-07-05,2021-07-09
1114,2021-07-06,2021-07-05,2021-07-09
1115,2021-07-07,2021-07-05,2021-07-09
1116,2021-07-08,2021-07-05,2021-07-09
1117,2021-07-09,2021-07-05,2021-07-09
1118,2021-07-12,2021-07-12,2021-07-16
1119,2021-07-13,2021-07-12,2021-07-16
1120,2021-07-14,2021-07-12,2021-07-16
1121,2021-07-15,2021-07-12,2021-07-16
1122,2021-07-16,2021-07-12,2021-07-16
1123,2021-07-19,2021-07-19,2021-07-23
1124,2021-07-20,2021-07-19,2021-07-23
1125,2021-07-22,2021-07-19,2021-07-23
1126,2021-07-23,2021-07-19,2021-07-23
1127,2021-07-26,2021-07-26,2021-07-30
1128,2021-07-27,2021-07-26,2021-07-30
1129,2021-07-28,2021-07-26,2021-07-30
1130,2021-07-29,2021-07-26,2021-07-30
1131,2021-07-30,2021-07-26,2021-07-30
1132,2021-08-02,2021-08-02,2021-08-06
1133,2021-08-03,2021-08-02,2021-08-06
1134,2021-08-04,2021-08-02,2021-08-06
1135,2021-08-05,2021-08-02,2021-08-06
1136,2021-08-06,2021-08-02,2021-08-06
1137,2021-08-09,2021-08-09,2021-08-13
1138,2021-08-10,2021-08-09,2021-08-13
1139,2021-08-11,2021-08-09,2021-08-13
1140,2021-08-12,2021-08-09,2021-08-13
1141,2021-08-13,2021-08-09,2021-08-13
1142,2021-08-16,2021-08-16,2021-08-20
1143,2021-08-17,2021-08-16,2021-08-20
1144,2021-08-18,2021-08-16,2021-08-20
1145,2021-08-20,2021-08-16,2021-08-20
1146,2021-08-23,2021-08-23,2021-08-27
1147,2021-08-24,2021-08-23,2021-08-27
1148,2021-08-25,2021-08-23,2021-08-27
1149,2021-08-26,2021-08-23,2021-08-27
1150,2021-08-27,2021-08-23,2021-08-27
1151,2021-08-30,2021-08-30,2021-09-03
1152,2021-08-31,2021-08-30,2021-09-03
1153,2021-09-01,2021-08-30,2021-09-03
1154,2021-09-02,2021-08-30,2021-09-03
1155,2021-09-03,2021-08-30,2021-09-03
1156,2021-09-06,2021-09-06,2021-09-09
1157,2021-09-07,2021-09-06,2021-09-09
1158,2021-09-08,2021-09-06,2021-09-09
1159,2021-09-09,2021-09-06,2021-09-09
1160,2021-09-13,2021-09-13,2021-09-17
1161,2021-09-14,2021-09-13,2021-09-17
1162,2021-09-15,2021-09-13,2021-09-17
1163,2021-09-16,2021-09-13,2021-09-17
1164,2021-09-17,2021-09-13,2021-09-17
1165,2021-09-20,2021-09-20,2021-09-24
1166,2021-09-21,2021-09-20,2021-09-24
1167,2021-09-22,2021-09-20,2021-09-24
1168,2021-09-23,2021-09-20,2021-09-24
1169,2021-09-24,2021-09-20,2021-09-24
1170,2021-09-27,2021-09-27,2021-10-01
1171,2021-09-28,2021-09-27,2021-10-01
1172,2021-09-29,2021-09-27,2021-10-01
1173,2021-09-30,2021-09-27,2021-10-01
1174,2021-10-01,2021-09-27,2021-10-01
1175,2021-10-04,2021-10-04,2021-10-08
1176,2021-10-05,2021-10-04,2021-10-08
1177,2021-10-06,2021-10-04,2021-10-08
1178,2021-10-07,2021-10-04,2021-10-08
1179,2021-10-08,2021-10-04,2021-10-08
1180,2021-10-11,2021-10-11,2021-10-14
1181,2021-10-12,2021-10-11,2021-10-14
1182,2021-10-13,2021-10-11,2021-10-14
1183,2021-10-14,2021-10-11,2021-10-14
1184,2021-10-18,2021-10-18,2021-10-22
1185,2021-10-19,2021-10-18,2021-10-22
1186,2021-10-20,2021-10-18,2021-10-22
1187,2021-10-21,2021-10-18,2021-10-22
1188,2021-10-22,2021-10-18,2021-10-22
1189,2021-10-25,2021-10-25,2021-10-29
1190,2021-10-26,2021-10-25,2021-10-29
1191,2021-10-27,2021-10-25,2021-10-29
1192,2021-10-28,2021-10-25,2021-10-29
1193,2021-10-29,2021-10-25,2021-10-29
1194,2021-11-01,2021-11-01,2021-11-04
1195,2021-11-02,2021-11-01,2021-11-04
1196,2021-11-03,2021-11-01,2021-11-04
1197,2021-11-04,2021-11-01,2021-11-04
1198,2021-11-08,2021-11-08,2021-11-12
1199,2021-11-09,2021-11-08,2021-11-12
1200,2021-11-10,2021-11-08,2021-11-12
1201,2021-11-11,2021-11-08,2021-11-12
1202,2021-11-12,2021-11-08,2021-11-12
1203,2021-11-15,2021-11-15,2021-11-18
1204,2021-11-16,2021-11-15,2021-11-18
1205,2021-11-17,2021-11-15,2021-11-18
1206,2021-11-18,2021-11-15,2021-11-18
1207,2021-11-22,2021-11-22,2021-11-26
1208,2021-11-23,2021-11-22,2021-11-26
1209,2021-11-24,2021-11-22,2021-11-26
1210,2021-11-25,2021-11-22,2021-11-26
1211,2021-11-26,2021-11-22,2021-11-26
1212,2021-11-29,2021-11-29,2021-12-03
1213,2021-11-30,2021-11-29,2021-12-03
1214,2021-12-01,2021-11-29,2021-12-03
1215,2021-12-02,2021-11-29,2021-12-03
1216,2021-12-03,2021-11-29,2021-12-03
1217,2021-12-06,2021-12-06,2021-12-10
1218,2021-12-07,2021-12-06,2021-12-10
1219,2021-12-08,2021-12-06,2021-12-10
1220,2021-12-09,2021-12-06,2021-12-10
1221,2021-12-10,2021-12-06,2021-12-10
1222,2021-12-13,2021-12-13,2021-12-17
1223,2021-12-14,2021-12-13,2021-12-17
1224,2021-12-15,2021-12-13,2021-12-17
1225,2021-12-16,2021-12-13,2021-12-17
1226,2021-12-17,2021-12-13,2021-12-17
1227,2021-12-20,2021-12-20,2021-12-24
1228,2021-12-21,2021-12-20,2021-12-24
1229,2021-12-22,2021-12-20,2021-12-24
1230,2021-12-23,2021-12-20,2021-12-24
1231,2021-12-24,2021-12-20,2021-12-24
1232,2021-12-27,2021-12-27,2021-12-31
1233,2021-12-28,2021-12-27,2021-12-31
1234,2021-12-29,2021-12-27,2021-12-31
1235,2021-12-30,2021-12-27,2021-12-31
1236,2021-12-31,2021-12-27,2021-12-31
1237,2022-01-03,2022-01-03,2022-01-07
1238,2022-01-04,2022-01-03,2022-01-07
1239,2022-01-05,2022-01-03,2022-01-07
1240,2022-01-06,2022-01-03,2022-01-07
1241,2022-01-07,2022-01-03,2022-01-07
1242,2022-01-10,2022-01-10,2022-01-14
1243,2022-01-11,2022-01-10,2022-01-14
1244,2022-01-12,2022-01-10,2022-01-14
1245,2022-01-13,2022-01-10,2022-01-14
1246,2022-01-14,2022-01-10,2022-01-14
1247,2022-01-17,2022-01-17,2022-01-21
1248,2022-01-18,2022-01-17,2022-01-21
1249,2022-01-19,2022-01-17,2022-01-21
1250,2022-01-20,2022-01-17,2022-01-21
1251,2022-01-21,2022-01-17,2022-01-21
1252,2022-01-24,2022-01-24,2022-01-28
1253,2022-01-25,2022-01-24,2022-01-28
1254,2022-01-27,2022-01-24,2022-01-28
1255,2022-01-28,2022-01-24,2022-01-28
1256,2022-01-31,2022-01-31,2022-02-04
1257,2022-02-01,2022-01-31,2022-02-04
1258,2022-02-02,2022-01-31,2022-02-04
1259,2022-02-03,2022-01-31,2022-02-04
1260,2022-02-04,2022-01-31,2022-02-04
1261,2022-02-07,2022-02-07,2022-02-11
1262,2022-02-08,2022-02-07,2022-02-11
1263,2022-02-09,2022-02-07,2022-02-11
1264,2022-02-10,2022-02-07,2022-02-11
1265,2022-02-11,2022-02-07,2022-02-11
1266,2022-02-14,2022-02-14,2022-02-18
1267,2022-02-15,2022-02-14,2022-02-18
1268,2022-02-16,2022-02-14,2022-02-18
1269,2022-02-17,2022-02-14,2022-02-18
1270,2022-02-18,2022-02-14,2022-02-18
1271,2022-02-21,2022-02-21,2022-02-25
1272,2022-02-22,2022-02-21,2022-02-25
1273,2022-02-23,2022-02-21,2022-02-25
1274,2022-02-24,2022-02-21,2022-02-25
1275,2022-02-25,2022-02-21,2022-02-25
1276,2022-02-28,2022-02-28,2022-03-04
1277,2022-03-02,2022-02-28,2022-03-04
1278,2022-03-03,2022-02-28,2022-03-04
1279,2022-03-04,2022-02-28,2022-03-04
1280,2022-03-07,2022-03-07,2022-03-11
1281,2022-03-08,2022-03-07,2022-03-11
1282,2022-03-09,2022-03-07,2022-03-11
1283,2022-03-10,2022-03-07,2022-03-11
1284,2022-03-11,2022-03-07,2022-03-11
1285,2022-03-14,2022-03-14,2022-03-17
1286,2022-03-15,2022-03-14,2022-03-17
1287,2022-03-16,2022-03-14,2022-03-17
1288,2022-03-17,2022-03-14,2022-03-17
1289,2022-03-21,2022-03-21,2022-03-25
1290,2022-03-22,2022-03-21,2022-03-25
1291,2022-03-23,2022-03-21,2022-03-25
1292,2022-03-24,2022-03-21,2022-03-25
1293,2022-03-25,2022-03-21,2022-03-25
1294,2022-03-28,2022-03-28,2022-04-01
1295,2022-03-29,2022-03-28,2022-04-01
1296,2022-03-30,2022-03-28,2022-04-01
1297,2022-03-31,2022-03-28,2022-04-01
1298,2022-04-01,2022-03-28,2022-04-01
1299,2022-04-04,2022-04-04,2022-04-08
1300,2022-04-05,2022-04-04,2022-04-08
1301,2022-04-06,2022-04-04,2022-04-08
1302,2022-04-07,2022-04-04,2022-04-08
1303,2022-04-08,2022-04-04,2022-04-08
1304,2022-04-11,2022-04-11,2022-04-13
1305,2022-04-12,2022-04-11,2022-04-13
1306,2022-04-13,2022-04-11,2022-04-13
1307,2022-04-18,2022-04-18,2022-04-22
1308,2022-04-19,2022-04-18,2022-04-22
1309,2022-04-20,2022-04-18,2022-04-22
1310,2022-04-21,2022-04-18,2022-04-22
1311,2022-04-22,2022-04-18,2022-04-22
1312,2022-04-25,2022-04-25,2022-04-29
1313,2022-04-26,2022-04-25,2022-04-29
1314,2022-04-27,2022-04-25,2022-04-29
1315,2022-04-28,2022-04-25,2022-04-29
1316,2022-04-29,2022-04-25,2022-04-29
1317,2022-05-02,2022-05-02,2022-05-06
1318,2022-05-04,2022-05-02,2022-05-06
1319,2022-05-05,2022-05-02,2022-05-06
1320,2022-05-06,2022-05-02,2022-05-06
1321,2022-05-09,2022-05-09,2022-05-13
1322,2022-05-10,2022-05-09,2022-05-13
1323,2022-05-11,2022-05-09,2022-05-13
1324,2022-05-12,2022-05-09,2022-05-13
1325,2022-05-13,2022-05-09,2022-05-13
1326,2022-05-16,2022-05-16,2022-05-20
1327,2022-05-17,2022-05-16,2022-05-20
1328,2022-05-18,2022-05-16,2022-05-20
1329,2022-05-19,2022-05-16,2022-05-20
1330,2022-05-20,2022-05-16,2022-05-20
1331,2022-05-23,2022-05-23,2022-05-27
1332,2022-05-24,2022-05-23,2022-05-27
1333,2022-05-25,2022-05-23,2022-05-27
1334,2022-05-26,2022-05-23,2022-05-27
1335,2022-05-27,2022-05-23,2022-05-27
1336,2022-05-30,2022-05-30,2022-06-03
1337,2022-05-31,2022-05-30,2022-06-03
1338,2022-06-01,2022-05-30,2022-06-03
1339,2022-06-02,2022-05-30,2022-06-03
1340,2022-06-03,2022-05-30,2022-06-03
1341,2022-06-06,2022-06-06,2022-06-10
1342,2022-06-07,2022-06-06,2022-06-10
1343,2022-06-08,2022-06-06,2022-06-10
1344,2022-06-09,2022-06-06,2022-06-10
1345,2022-06-10,2022-06-06,2022-06-10
1346,2022-06-13,2022-06-13,2022-06-17
1347,2022-06-14,2022-06-13,2022-06-17
1348,2022-06-15,2022-06-13,2022-06-17
1349,2022-06-16,2022-06-13,2022-06-17
1350,2022-06-17,2022-06-13,2022-06-17
1351,2022-06-20,2022-06-20,2022-06-24
1352,2022-06-21,2022-06-20,2022-06-24
1353,2022-06-22,2022-06-20,2022-06-24
1354,2022-06-23,2022-06-20,2022-06-24
1355,2022-06-24,2022-06-20,2022-06-24
1356,2022-06-27,2022-06-27,2022-07-01
1357,2022-06-28,2022-06-27,2022-07-01
1358,2022-06-29,2022-06-27,2022-07-01
1359,2022-06-30,2022-06-27,2022-07-01
1360,2022-07-01,2022-06-27,2022-07-01
1361,2022-07-04,2022-07-04,2022-07-08
1362,2022-07-05,2022-07-04,2022-07-08
1363,2022-07-06,2022-07-04,2022-07-08
1364,2022-07-07,2022-07-04,2022-07-08
1365,2022-07-08,2022-07-04,2022-07-08
1366,2022-07-11,2022-07-11,2022-07-15
1367,2022-07-12,2022-07-11,2022-07-15
1368,2022-07-13,2022-07-11,2022-07-15
1369,2022-07-14,2022-07-11,2022-07-15
1370,2022-07-15,2022-07-11,2022-07-15
1371,2022-07-18,2022-07-18,2022-07-22
1372,2022-07-19,2022-07-18,2022-07-22
1373,2022-07-20,2022-07-18,2022-07-22
1374,2022-07-21,2022-07-18,2022-07-22
1375,2022-07-22,2022-07-18,2022-07-22
1376,2022-07-25,2022-07-25,2022-07-29
1377,2022-07-26,2022-07-25,2022-07-29
1378,2022-07-27,2022-07-25,2022-07-29
1379,2022-07-28,2022-07-25,2022-07-29
1380,2022-07-29,2022-07-25,2022-07-29
1381,2022-08-01,2022-08-01,2022-08-05
1382,2022-08-02,2022-08-01,2022-08-05
1383,2022-08-03,2022-08-01,2022-08-05
1384,2022-08-04,2022-08-01,2022-08-05
1385,2022-08-05,2022-08-01,2022-08-05
1386,2022-08-08,2022-08-08,2022-08-12
1387,2022-08-10,2022-08-08,2022-08-12
1388,2022-08-11,2022-08-08,2022-08-12
1389,2022-08-12,2022-08-08,2022-08-12
1390,2022-08-16,2022-08-15,2022-08-19
1391,2022-08-17,2022-08-15,2022-08-19
1392,2022-08-18,2022-08-15,2022-08-19
1393,2022-08-19,2022-08-15,2022-08-19
1394,2022-08-22,2022-08-22,2022-08-26
1395,2022-08-23,2022-08-22,2022-08-26
1396,2022-08-24,2022-08-22,2022-08-26
1397,2022-08-25,2022-08-22,2022-08-26
1398,2022-08-26,2022-08-22,2022-08-26
1399,2022-08-29,2022-08-29,2022-09-02
1400,2022-08-30,2022-08-29,2022-09-02
1401,2022-09-01,2022-08-29,2022-09-02
1402,2022-09-02,2022-08-29,2022-09-02
1403,2022-09-05,2022-09-05,2022-09-09
1404,2022-09-06,2022-09-05,2022-09-09
1405,2022-09-07,2022-09-05,2022-09-09
1406,2022-09-08,2022-09-05,2022-09-09
1407,2022-09-09,2022-09-05,2022-09-09
1408,2022-09-12,2022-09-12,2022-09-16
1409,2022-09-13,2022-09-12,2022-09-16
1410,2022-09-14,2022-09-12,2022-09-16
1411,2022-09-15,2022-09-12,2022-09-16
1412,2022-09-16,2022-09-12,2022-09-16
1413,2022-09-19,2022-09-19,2022-09-23
1414,2022-09-20,2022-09-19,2022-09-23
1415,2022-09-21,2022-09-19,2022-09-23
1416,2022-09-22,2022-09-19,2022-09-23
1417,2022-09-23,2022-09-19,2022-09-23
1418,2022-09-26,2022-09-26,2022-09-30
1419,2022-09-27,2022-09-26,2022-09-30
1420,2022-09-28,2022-09-26,2022-09-30
1421,2022-09-29,2022-09-26,2022-09-30
1422,2022-09-30,2022-09-26,2022-09-30
1423,2022-10-03,2022-10-03,2022-10-07
1424,2022-10-04,2022-10-03,2022-10-07
1425,2022-10-06,2022-10-03,2022-10-07
1426,2022-10-07,2022-10-03,2022-10-07
1427,2022-10-10,2022-10-10,2022-10-14
1428,2022-10-11,2022-10-10,2022-10-14
1429,2022-10-12,2022-10-10,2022-10-14
1430,2022-10-13,2022-10-10,2022-10-14
1431,2022-10-14,2022-10-10,2022-10-14
1432,2022-10-17,2022-10-17,2022-10-21
1433,2022-10-18,2022-10-17,2022-10-21
1434,2022-10-19,2022-10-17,2022-10-21
1435,2022-10-20,2022-10-17,2022-10-21
1436,2022-10-21,2022-10-17,2022-10-21
1437,2022-10-24,2022-10-24,2022-10-28
1438,2022-10-25,2022-10-24,2022-10-28
1439,2022-10-27,2022-10-24,2022-10-28
1440,2022-10-28,2022-10-24,2022-10-28
1441,2022-10-31,2022-10-31,2022-11-04
1442,2022-11-01,2022-10-31,2022-11-04
1443,2022-11-02,2022-10-31,2022-11-04
1444,2022-11-03,2022-10-31,2022-11-04
1445,2022-11-04,2022-10-31,2022-11-04
1446,2022-11-07,2022-11-07,2022-11-11
1447,2022-11-09,2022-11-07,2022-11-11
1448,2022-11-10,2022-11-07,2022-11-11
1449,2022-11-11,2022-11-07,2022-11-11
1450,2022-11-14,2022-11-14,2022-11-18
1451,2022-11-15,2022-11-14,2022-11-18
1452,2022-11-16,2022-11-14,2022-11-18
1453,2022-11-17,2022-11-14,2022-11-18
1454,2022-11-18,2022-11-14,2022-11-18
1455,2022-11-21,2022-11-21,2022-11-25
1456,2022-11-22,2022-11-21,2022-11-25
1457,2022-11-23,2022-11-21,2022-11-25
1458,2022-11-24,2022-11-21,2022-11-25
1459,2022-11-25,2022-11-21,2022-11-25
1460,2022-11-28,2022-11-28,2022-12-02
1461,2022-11-29,2022-11-28,2022-12-02
1462,2022-11-30,2022-11-28,2022-12-02
1463,2022-12-01,2022-11-28,2022-12-02
1464,2022-12-02,2022-11-28,2022-12-02
1465,2022-12-05,2022-12-05,2022-12-09
1466,2022-12-06,2022-12-05,2022-12-09
1467,2022-12-07,2022-12-05,2022-12-09
1468,2022-12-08,2022-12-05,2022-12-09
1469,2022-12-09,2022-12-05,2022-12-09
1470,2022-12-12,2022-12-12,2022-12-16
1471,2022-12-13,2022-12-12,2022-12-16
1472,2022-12-14,2022-12-12,2022-12-16
1473,2022-12-15,2022-12-12,2022-12-16
1474,2022-12-16,2022-12-12,2022-12-16
1475,2022-12-19,2022-12-19,2022-12-23
1476,2022-12-20,2022-12-19,2022-12-23
1477,2022-12-21,2022-12-19,2022-12-23
1478,2022-12-22,2022-12-19,2022-12-23
1479,2022-12-23,2022-12-19,2022-12-23
1480,2022-12-26,2022-12-26,2022-12-30
1481,2022-12-27,2022-12-26,2022-12-30
1482,2022-12-28,2022-12-26,2022-12-30
1483,2022-12-29,2022-12-26,2022-12-30
1484,2022-12-30,2022-12-26,2022-12-30
1485,2023-01-02,2023-01-02,2023-01-06
1486,2023-01-03,2023-01-02,2023-01-06
1487,2023-01-04,2023-01-02,2023-01-06
1488,2023-01-05,2023-01-02,2023-01-06
1489,2023-01-06,2023-01-02,2023-01-06
1490,2023-01-09,2023-01-09,2023-01-13
1491,2023-01-10,2023-01-09,2023-01-13
1492,2023-01-11,2023-01-09,2023-01-13
1493,2023-01-12,2023-01-09,2023-01-13
1494,2023-01-13,2023-01-09,2023-01-13
1495,2023-01-16,2023-01-16,2023-01-20
1496,2023-01-17,2023-01-16,2023-01-20
1497,2023-01-18,2023-01-16,2023-01-20
1498,2023-01-19,2023-01-16,2023-01-20
1499,2023-01-20,2023-01-16,2023-01-20
1500,2023-01-23,2023-01-23,2023-01-27
1501,2023-01-24,2023-01-23,2023-01-27
1502,2023-01-25,2023-01-23,2023-01-27
1503,2023-01-27,2023-01-23,2023-01-27
1504,2023-01-30,2023-01-30,2023-02-03
1505,2023-01-31,2023-01-30,2023-02-03
1506,2023-02-01,2023-01-30,2023-02-03
1507,2023-02-02,2023-01-30,2023-02-03
1508,2023-02-03,2023-01-30,2023-02-03
1509,2023-02-06,2023-02-06,2023-02-10
1510,2023-02-07,2023-02-06,2023-02-10
1511,2023-02-08,2023-02-06,2023-02-10
1512,2023-02-09,2023-02-06,2023-02-10
1513,2023-02-10,2023-02-06,2023-02-10
1514,2023-02-13,2023-02-13,2023-02-17
1515,2023-02-14,2023-02-13,2023-02-17
1516,2023-02-15,2023-02-13,2023-02-17
1517,2023-02-16,2023-02-13,2023-02-17
1518,2023-02-17,2023-02-13,2023-02-17
1519,2023-02-20,2023-02-20,2023-02-24
1520,2023-02-21,2023-02-20,2023-02-24
1521,2023-02-22,2023-02-20,2023-02-24
1522,2023-02-23,2023-02-20,2023-02-24
1523,2023-02-24,2023-02-20,2023-02-24
1524,2023-02-27,2023-02-27,2023-03-03
1525,2023-02-28,2023-02-27,2023-03-03
1526,2023-03-01,2023-02-27,2023-03-03
1527,2023-03-02,2023-02-27,2023-03-03
1528,2023-03-03,2023-02-27,2023-03-03
1529,2023-03-06,2023-03-06,2023-03-10
1530,2023-03-08,2023-03-06,2023-03-10
1531,2023-03-09,2023-03-06,2023-03-10
1532,2023-03-10,2023-03-06,2023-03-10
1533,2023-03-13,2023-03-13,2023-03-17
1534,2023-03-14,2023-03-13,2023-03-17
1535,2023-03-15,2023-03-13,2023-03-17
1536,2023-03-16,2023-03-13,2023-03-17
1537,2023-03-17,2023-03-13,2023-03-17
1538,2023-03-20,2023-03-20,2023-03-24
1539,2023-03-21,2023-03-20,2023-03-24
1540,2023-03-22,2023-03-20,2023-03-24
1541,2023-03-23,2023-03-20,2023-03-24
1542,2023-03-24,2023-03-20,2023-03-24
1543,2023-03-27,2023-03-27,2023-03-31
1544,2023-03-28,2023-03-27,2023-03-31
1545,2023-03-29,2023-03-27,2023-03-31
1546,2023-03-31,2023-03-27,2023-03-31
1547,2023-04-03,2023-04-03,2023-04-06
1548,2023-04-05,2023-04-03,2023-04-06
1549,2023-04-06,2023-04-03,2023-04-06
1550,2023-04-10,2023-04-10,2023-04-13
1551,2023-04-11,2023-04-10,2023-04-13
1552,2023-04-12,2023-04-10,2023-04-13
1553,2023-04-13,2023-04-10,2023-04-13
1554,2023-04-17,2023-04-17,2023-04-21
1555,2023-04-18,2023-04-17,2023-04-21
1556,2023-04-19,2023-04-17,2023-04-21
1557,2023-04-20,2023-04-17,2023-04-21
1558,2023-04-21,2023-04-17,2023-04-21
1559,2023-04-24,2023-04-24,2023-04-28
1560,2023-04-25,2023-04-24,2023-04-28
1561,2023-04-26,2023-04-24,2023-04-28
1562,2023-04-27,2023-04-24,2023-04-28
1563,2023-04-28,2023-04-24,2023-04-28
1564,2023-05-02,2023-05-01,2023-05-05
1565,2023-05-03,2023-05-01,2023-05-05
1566,2023-05-04,2023-05-01,2023-05-05
1567,2023-05-05,2023-05-01,2023-05-05
1568,2023-05-08,2023-05-08,2023-05-12
1569,2023-05-09,2023-05-08,2023-05-12
1570,2023-05-10,2023-05-08,2023-05-12
1571,2023-05-11,2023-05-08,2023-05-12
1572,2023-05-12,2023-05-08,2023-05-12
1573,2023-05-15,2023-05-15,2023-05-19
1574,2023-05-16,2023-05-15,2023-05-19
1575,2023-05-17,2023-05-15,2023-05-19
1576,2023-05-18,2023-05-15,2023-05-19
1577,2023-05-19,2023-05-15,2023-05-19
1578,2023-05-22,2023-05-22,2023-05-26
1579,2023-05-23,2023-05-22,2023-05-26
1580,2023-05-24,2023-05-22,2023-05-26
1581,2023-05-25,2023-05-22,2023-05-26
1582,2023-05-26,2023-05-22,2023-05-26
1583,2023-05-29,2023-05-29,2023-06-02
1584,2023-05-30,2023-05-29,2023-06-02
1585,2023-05-31,2023-05-29,2023-06-02
1586,2023-06-01,2023-05-29,2023-06-02
1587,2023-06-02,2023-05-29,2023-06-02
1588,2023-06-05,2023-06-05,2023-06-09
1589,2023-06-06,2023-06-05,2023-06-09
1590,2023-06-07,2023-06-05,2023-06-09
1591,2023-06-08,2023-06-05,2023-06-09
1592,2023-06-09,2023-06-05,2023-06-09
1593,2023-06-12,2023-06-12,2023-06-16
1594,2023-06-13,2023-06-12,2023-06-16
1595,2023-06-14,2023-06-12,2023-06-16
1596,2023-06-15,2023-06-12,2023-06-16
1597,2023-06-16,2023-06-12,2023-06-16
1598,2023-06-19,2023-06-19,2023-06-23
1599,2023-06-20,2023-06-19,2023-06-23
1600,2023-06-21,2023-06-19,2023-06-23
1601,2023-06-22,2023-06-19,2023-06-23
1602,2023-06-23,2023-06-19,2023-06-23
1603,2023-06-26,2023-06-26,2023-06-30
1604,2023-06-27,2023-06-26,2023-06-30
1605,2023-06-28,2023-06-26,2023-06-30
1606,2023-06-30,2023-06-26,2023-06-30
1607,2023-07-03,2023-07-03,2023-07-07
1608,2023-07-04,2023-07-03,2023-07-07
1609,2023-07-05,2023-07-03,2023-07-07
1610,2023-07-06,2023-07-03,2023-07-07
1611,2023-07-07,2023-07-03,2023-07-07
1612,2023-07-10,2023-07-10,2023-07-14
1613,2023-07-11,2023-07-10,2023-07-14
1614,2023-07-12,2023-07-10,2023-07-14
1615,2023-07-13,2023-07-10,2023-07-14
1616,2023-07-14,2023-07-10,2023-07-14
1617,2023-07-17,2023-07-17,2023-07-21
1618,2023-07-18,2023-07-17,2023-07-21
1619,2023-07-19,2023-07-17,2023-07-21
1620,2023-07-20,2023-07-17,2023-07-21
1621,2023-07-21,2023-07-17,2023-07-21
1622,2023-07-24,2023-07-24,2023-07-28
1623,2023-07-25,2023-07-24,2023-07-28
1624,2023-07-26,2023-07-24,2023-07-28
1625,2023-07-27,2023-07-24,2023-07-28
1626,2023-07-28,2023-07-24,2023-07-28
1627,2023-07-31,2023-07-31,2023-08-04
1628,2023-08-01,2023-07-31,2023-08-04
1629,2023-08-02,2023-07-31,2023-08-04
1630,2023-08-03,2023-07-31,2023-08-04
1631,2023-08-04,2023-07-31,2023-08-04
1632,2023-08-07,2023-08-07,2023-08-11
1633,2023-08-08,2023-08-07,2023-08-11
1634,2023-08-09,2023-08-07,2023-08-11
1635,2023-08-10,2023-08-07,2023-08-11
1636,2023-08-11,2023-08-07,2023-08-11
1637,2023-08-14,2023-08-14,2023-08-18
1638,2023-08-16,2023-08-14,2023-08-18
1639,2023-08-17,2023-08-14,2023-08-18
1640,2023-08-18,2023-08-14,2023-08-18
1641,2023-08-21,2023-08-21,2023-08-25
1642,2023-08-22,2023-08-21,2023-08-25
1643,2023-08-23,2023-08-21,2023-08-25
1644,2023-08-24,2023-08-21,2023-08-25
1645,2023-08-25,2023-08-21,2023-08-25
1646,2023-08-28,2023-08-28,2023-09-01
1647,2023-08-29,2023-08-28,2023-09-01
1648,2023-08-30,2023-08-28,2023-09-01
1649,2023-08-31,2023-08-28,2023-09-01
1650,2023-09-01,2023-08-28,2023-09-01
1651,2023-09-04,2023-09-04,2023-09-08
1652,2023-09-05,2023-09-04,2023-09-08
1653,2023-09-06,2023-09-04,2023-09-08
1654,2023-09-07,2023-09-04,2023-09-08
1655,2023-09-08,2023-09-04,2023-09-08
1656,2023-09-11,2023-09-11,2023-09-15
1657,2023-09-12,2023-09-11,2023-09-15
1658,2023-09-13,2023-09-11,2023-09-15
1659,2023-09-14,2023-09-11,2023-09-15
1660,2023-09-15,2023-09-11,2023-09-15
1661,2023-09-18,2023-09-18,2023-09-22
1662,2023-09-20,2023-09-18,2023-09-22
1663,2023-09-21,2023-09-18,2023-09-22
1664,2023-09-22,2023-09-18,2023-09-22
1665,2023-09-25,2023-09-25,2023-09-29
1666,2023-09-26,2023-09-25,2023-09-29
1667,2023-09-27,2023-09-25,2023-09-29
1668,2023-09-28,2023-09-25,2023-09-29
1669,2023-09-29,2023-09-25,2023-09-29
1670,2023-10-03,2023-10-02,2023-10-06
1671,2023-10-04,2023-10-02,2023-10-06
1672,2023-10-05,2023-10-02,2023-10-06
1673,2023-10-06,2023-10-02,2023-10-06
1674,2023-10-09,2023-10-09,2023-10-13
1675,2023-10-10,2023-10-09,2023-10-13
1676,2023-10-11,2023-10-09,2023-10-13
1677,2023-10-12,2023-10-09,2023-10-13
1678,2023-10-13,2023-10-09,2023-10-13
1679,2023-10-16,2023-10-16,2023-10-20
1680,2023-10-17,2023-10-16,2023-10-20
1681,2023-10-18,2023-10-16,2023-10-20
1682,2023-10-19,2023-10-16,2023-10-20
1683,2023-10-20,2023-10-16,2023-10-20
1684,2023-10-23,2023-10-23,2023-10-27
1685,2023-10-25,2023-10-23,2023-10-27
1686,2023-10-26,2023-10-23,2023-10-27
1687,2023-10-27,2023-10-23,2023-10-27
1688,2023-10-30,2023-10-30,2023-11-03
1689,2023-10-31,2023-10-30,2023-11-03
1690,2023-11-01,2023-10-30,2023-11-03
1691,2023-11-02,2023-10-30,2023-11-03
1692,2023-11-03,2023-10-30,2023-11-03
1693,2023-11-06,2023-11-06,2023-11-10
1694,2023-11-07,2023-11-06,2023-11-10
1695,2023-11-08,2023-11-06,2023-11-10
1696,2023-11-09,2023-11-06,2023-11-10
1697,2023-11-10,2023-11-06,2023-11-10
1698,2023-11-13,2023-11-13,2023-11-17
1699,2023-11-15,2023-11-13,2023-11-17
1700,2023-11-16,2023-11-13,2023-11-17
1701,2023-11-17,2023-11-13,2023-11-17
1702,2023-11-20,2023-11-20,2023-11-24
1703,2023-11-21,2023-11-20,2023-11-24
1704,2023-11-22,2023-11-20,2023-11-24
1705,2023-11-23,2023-11-20,2023-11-24
1706,2023-11-24,2023-11-20,2023-11-24
1707,2023-11-28,2023-11-27,2023-12-01
1708,2023-11-29,2023-11-27,2023-12-01
1709,2023-11-30,2023-11-27,2023-12-01
1710,2023-12-01,2023-11-27,2023-12-01
1711,2023-12-04,2023-12-04,2023-12-08
1712,2023-12-05,2023-12-04,2023-12-08
1713,2023-12-06,2023-12-04,2023-12-08
1714,2023-12-07,2023-12-04,2023-12-08
1715,2023-12-08,2023-12-04,2023-12-08
1716,2023-12-11,2023-12-11,2023-12-15
1717,2023-12-12,2023-12-11,2023-12-15
1718,2023-12-13,2023-12-11,2023-12-15
1719,2023-12-14,2023-12-11,2023-12-15
1720,2023-12-15,2023-12-11,2023-12-15
1721,2023-12-18,2023-12-18,2023-12-22
1722,2023-12-19,2023-12-18,2023-12-22
1723,2023-12-20,2023-12-18,2023-12-22
1724,2023-12-21,2023-12-18,2023-12-22
1725,2023-12-22,2023-12-18,2023-12-22
1726,2023-12-26,2023-12-25,
1727,2023-12-27,2023-12-25,
1728,2023-12-28,2023-12-25,
1729,2023-12-29,2023-12-25,
