,portfolio,investment,cash
2018-04-02,100000.0,0.0,100000.0
2018-04-03,100000.0,0.0,100000.0
2018-04-04,100000.0,0.0,100000.0
2018-04-05,100000.0,0.0,100000.0
2018-04-06,100000.0,0.0,100000.0
2018-04-09,100348.07349014282,81467.15388870239,18880.91960144043
2018-04-10,100142.33639526367,81261.41679382324,18880.91960144043
2018-04-11,100207.57571029663,81326.6561088562,18880.91960144043
2018-04-12,100279.63254547119,81398.71294403076,18880.91960144043
2018-04-13,100442.60768508911,81561.68808364868,18880.91960144043
2018-04-16,100953.19219970703,82072.2725982666,18880.91960144043
2018-04-17,101162.50227355957,82281.58267211914,18880.91960144043
2018-04-18,100951.91653060913,82070.9969291687,18880.91960144043
2018-04-19,101076.97704315186,82196.05744171143,18880.91960144043
2018-04-20,101400.99169158936,82520.07209014893,18880.91960144043
2018-04-23,102609.13302612305,83728.21342468262,18880.91960144043
2018-04-24,102690.65161895752,83809.73201751709,18880.91960144043
2018-04-25,103253.75911712646,84372.83951568604,18880.91960144043
2018-04-26,103787.07177734375,84906.15217590332,18880.91960144043
2018-04-27,103979.30812454224,85098.3885231018,18880.91960144043
2018-04-30,104316.75054168701,85435.83094024658,18880.91960144043
2018-05-02,103086.48611068726,84205.56650924683,18880.91960144043
2018-05-03,101772.43171310425,82891.51211166382,18880.91960144043
2018-05-04,101441.12186431885,82560.20226287842,18880.91960144043
2018-05-07,102145.20434951782,63168.89827919006,38976.30607032776
2018-05-08,102266.57423400879,63290.26816368103,38976.30607032776
2018-05-09,101910.82235717773,62934.516286849976,38976.30607032776
2018-05-10,101586.45919418335,62610.15312385559,38976.30607032776
2018-05-11,101809.62497329712,62833.31890296936,38976.30607032776
2018-05-14,101237.05084037781,62260.74477005005,38976.30607032776
2018-05-15,100850.6663608551,61874.360290527344,38976.30607032776
2018-05-16,101026.56427001953,62050.25819969177,38976.30607032776
2018-05-17,101031.71250724792,62055.406436920166,38976.30607032776
2018-05-18,99873.14350891113,60896.837438583374,38976.30607032776
2018-05-21,98818.5207939148,59842.214723587036,38976.30607032776
2018-05-22,99480.57316017151,60504.26708984375,38976.30607032776
2018-05-23,99106.10510826111,60129.79903793335,38976.30607032776
2018-05-24,99109.84065628052,60133.53458595276,38976.30607032776
2018-05-25,99958.86969184875,60982.563621520996,38976.30607032776
2018-05-28,100134.4942073822,61158.18813705444,38976.30607032776
2018-05-29,100101.44419670105,61125.13812637329,38976.30607032776
2018-05-30,100099.87607955933,61123.57000923157,38976.30607032776
2018-05-31,100061.38886451721,61085.08279418945,38976.30607032776
2018-06-01,99334.1807422638,60357.874671936035,38976.30607032776
2018-06-04,98645.51672744751,60835.8491230011,37809.66760444641
2018-06-05,98299.53454780579,60489.866943359375,37809.66760444641
2018-06-06,98902.42633247375,61092.758728027344,37809.66760444641
2018-06-07,99363.62955665588,61553.96195220947,37809.66760444641
2018-06-08,99249.77202415466,61440.10441970825,37809.66760444641
2018-06-11,99380.44260406494,61570.77499961853,37809.66760444641
2018-06-12,99848.91424369812,62039.24663925171,37809.66760444641
2018-06-13,99816.3346748352,62006.667070388794,37809.66760444641
2018-06-14,99693.75030326843,61884.08269882202,37809.66760444641
2018-06-15,99544.58571434021,61734.9181098938,37809.66760444641
2018-06-18,99157.33940505981,61347.6718006134,37809.66760444641
2018-06-19,98317.19380760193,60507.52620315552,37809.66760444641
2018-06-20,98405.54508781433,60595.87748336792,37809.66760444641
2018-06-21,98142.82760810852,60333.16000366211,37809.66760444641
2018-06-22,98790.87930870056,60981.21170425415,37809.66760444641
2018-06-25,98550.73649597168,60741.06889152527,37809.66760444641
2018-06-26,98526.53877830505,60716.87117385864,37809.66760444641
2018-06-27,98143.34621620178,60333.67861175537,37809.66760444641
2018-06-28,97567.22196769714,59757.55436325073,37809.66760444641
2018-06-29,98394.08013725281,60584.4125328064,37809.66760444641
2018-07-02,97931.55572128296,60121.88811683655,37809.66760444641
2018-07-03,98483.4949016571,60673.82729721069,37809.66760444641
2018-07-04,98658.20530891418,60848.53770446777,37809.66760444641
2018-07-05,98696.83722877502,60887.16962432861,37809.66760444641
2018-07-06,98689.56475448608,60879.89715003967,37809.66760444641
2018-07-09,99211.12353897095,28850.5400390625,70360.58349990845
2018-07-10,99213.838306427,28853.254806518555,70360.58349990845
2018-07-11,99397.28870010376,29036.705200195312,70360.58349990845
2018-07-12,99468.7085609436,29108.125061035156,70360.58349990845
2018-07-13,99423.51356887817,29062.930068969727,70360.58349990845
2018-07-16,99294.32368850708,28933.740188598633,70360.58349990845
2018-07-17,99371.12837600708,29010.544876098633,70360.58349990845
2018-07-18,99278.85858535767,28918.27508544922,70360.58349990845
2018-07-19,99276.79350662231,28916.210006713867,70360.58349990845
2018-07-20,99443.61352920532,29083.030029296875,70360.58349990845
2018-07-23,99866.3484840393,29505.76498413086,70360.58349990845
2018-07-24,99955.21353530884,29594.63003540039,70360.58349990845
2018-07-25,99881.29852676392,29520.71502685547,70360.58349990845
2018-07-26,99990.87851333618,29630.295013427734,70360.58349990845
2018-07-27,99873.84338760376,29513.259887695312,70360.58349990845
2018-07-30,99856.9082069397,29496.32470703125,70360.58349990845
2018-07-31,100024.80392837524,29664.220428466797,70360.58349990845
2018-08-01,100351.99863052368,29991.415130615234,70360.58349990845
2018-08-02,100162.13849258423,29801.55499267578,70360.58349990845
2018-08-03,100603.6236000061,30243.040100097656,70360.58349990845
2018-08-06,100516.40757465363,71171.46986675262,29344.937707901
2018-08-07,100087.59534168243,70742.65763378143,29344.937707901
2018-08-08,100255.77293586731,70910.83522796631,29344.937707901
2018-08-09,100630.67628192902,71285.73857402802,29344.937707901
2018-08-10,100291.59414863586,70946.65644073486,29344.937707901
2018-08-13,99747.65681362152,70402.71910572052,29344.937707901
2018-08-14,100313.05655670166,70968.11884880066,29344.937707901
2018-08-16,100237.86643981934,70892.92873191833,29344.937707901
2018-08-17,100822.48511695862,71477.54740905762,29344.937707901
2018-08-20,101373.4311876297,72028.4934797287,29344.937707901
2018-08-21,101632.61320972443,72287.67550182343,29344.937707901
2018-08-23,101617.9884223938,72273.0507144928,29344.937707901
2018-08-24,101704.95687866211,72360.01917076111,29344.937707901
2018-08-27,102358.51357650757,73013.57586860657,29344.937707901
2018-08-28,102171.24448394775,72826.30677604675,29344.937707901
2018-08-29,102475.92862701416,73130.99091911316,29344.937707901
2018-08-30,102754.16117095947,73409.22346305847,29344.937707901
2018-08-31,103064.51323318481,73719.57552528381,29344.937707901
2018-09-03,101869.00578022003,72524.06807231903,29344.937707901
2018-09-04,99989.18575191498,70644.24804401398,29344.937707901
2018-09-05,99806.26310920715,70461.32540130615,29344.937707901
2018-09-06,100536.61200618744,71191.67429828644,29344.937707901
2018-09-07,101224.77330207825,71879.83559417725,29344.937707901
2018-09-10,99849.40468120575,86242.36202430725,13607.042656898499
2018-09-11,99176.34082603455,85569.29816913605,13607.042656898499
2018-09-12,99137.51204967499,85530.46939277649,13607.042656898499
2018-09-14,100650.88907432556,87043.84641742706,13607.042656898499
2018-09-17,99842.72749137878,86235.68483448029,13607.042656898499
2018-09-18,98110.76993179321,84503.72727489471,13607.042656898499
2018-09-19,97459.94781589508,83852.90515899658,13607.042656898499
2018-09-21,94722.75936412811,81115.71670722961,13607.042656898499
2018-09-24,92429.44805240631,78822.40539550781,13607.042656898499
2018-09-25,92362.49479484558,78755.45213794708,13607.042656898499
2018-09-26,92395.5978755951,78788.5552186966,13607.042656898499
2018-09-27,91095.13854408264,77488.09588718414,13607.042656898499
2018-09-28,88709.92197704315,75102.87932014465,13607.042656898499
2018-10-01,89797.86223363876,76190.81957674026,13607.042656898499
2018-10-03,89526.45816802979,75919.41551113129,13607.042656898499
2018-10-04,87516.81820201874,73909.77554512024,13607.042656898499
2018-10-05,86582.97573947906,72975.93308258057,13607.042656898499
2018-10-08,85478.73011398315,74677.44860935211,10801.281504631042
2018-10-09,85948.3310918808,75147.04958724976,10801.281504631042
2018-10-10,88838.03006458282,78036.74855995178,10801.281504631042
2018-10-11,87534.03345775604,76732.751953125,10801.281504631042
2018-10-12,90229.96130466461,79428.67980003357,10801.281504631042
2018-10-15,92432.71549892426,81631.43399429321,10801.281504631042
2018-10-16,93119.5499162674,82318.26841163635,10801.281504631042
2018-10-17,90911.6691827774,80110.38767814636,10801.281504631042
2018-10-19,90483.3779554367,79682.09645080566,10801.281504631042
2018-10-22,89847.92734050751,79046.64583587646,10801.281504631042
2018-10-23,89052.34544849396,78251.06394386292,10801.281504631042
2018-10-24,89278.61320018768,78477.33169555664,10801.281504631042
2018-10-25,88321.59614086151,77520.31463623047,10801.281504631042
2018-10-26,88654.50712490082,77853.22562026978,10801.281504631042
2018-10-29,92692.76038837433,81891.47888374329,10801.281504631042
2018-10-30,94212.41761875153,83411.13611412048,10801.281504631042
2018-10-31,95098.6092786789,84297.32777404785,10801.281504631042
2018-11-01,95741.49470424652,84940.21319961548,10801.281504631042
2018-11-02,95871.07223415375,85069.7907295227,10801.281504631042
2018-11-05,95699.95204639435,63711.612798690796,31988.339247703552
2018-11-06,95573.87753391266,63585.53828620911,31988.339247703552
2018-11-07,96400.5257024765,64412.18645477295,31988.339247703552
2018-11-09,97630.9325094223,65642.59326171875,31988.339247703552
2018-11-12,97789.90342617035,65801.5641784668,31988.339247703552
2018-11-13,98173.03672504425,66184.6974773407,31988.339247703552
2018-11-14,98051.3662481308,66063.02700042725,31988.339247703552
2018-11-15,98223.70897006989,66235.36972236633,31988.339247703552
2018-11-16,97511.55963420868,65523.22038650513,31988.339247703552
2018-11-19,98061.16798114777,66072.82873344421,31988.339247703552
2018-11-20,97015.64955997467,65027.31031227112,31988.339247703552
2018-11-21,97405.56077098846,65417.22152328491,31988.339247703552
2018-11-22,96887.34694957733,64899.00770187378,31988.339247703552
2018-11-26,96836.60478496552,64848.26553726196,31988.339247703552
2018-11-27,96996.46268749237,65008.12343978882,31988.339247703552
2018-11-28,96062.26991558075,64073.9306678772,31988.339247703552
2018-11-29,96935.12296390533,64946.78371620178,31988.339247703552
2018-11-30,97503.91037082672,65515.57112312317,31988.339247703552
2018-12-03,98851.2279253006,66862.88867759705,31988.339247703552
2018-12-04,98650.37724208832,66662.03799438477,31988.339247703552
2018-12-05,97210.8143529892,65222.475105285645,31988.339247703552
2018-12-06,96178.25783634186,64189.918588638306,31988.339247703552
2018-12-07,96211.9053735733,64223.56612586975,31988.339247703552
2018-12-10,94939.85338497162,87635.83984327316,7304.013541698456
2018-12-11,96193.23756408691,88889.22402238846,7304.013541698456
2018-12-12,98177.82717847824,90873.81363677979,7304.013541698456
2018-12-13,98877.35004091263,91573.33649921417,7304.013541698456
2018-12-14,99179.65411376953,91875.64057207108,7304.013541698456
2018-12-17,99381.1336979866,92077.12015628815,7304.013541698456
2018-12-18,99993.72372293472,92689.71018123627,7304.013541698456
2018-12-19,101191.24566841125,93887.2321267128,7304.013541698456
2018-12-20,101705.07796883583,94401.06442713737,7304.013541698456
2018-12-21,100210.24764156342,92906.23409986496,7304.013541698456
2018-12-24,99588.07336831093,92284.05982661247,7304.013541698456
2018-12-26,99650.47904896736,92346.4655072689,7304.013541698456
2018-12-27,100985.92234349251,93681.90880179405,7304.013541698456
2018-12-28,102100.17441034317,94796.16086864471,7304.013541698456
2018-12-31,102516.25294780731,95212.23940610886,7304.013541698456
2019-01-01,102895.09221029282,95591.07866859436,7304.013541698456
2019-01-02,102072.92094278336,94768.9074010849,7304.013541698456
2019-01-03,101327.9001057148,94023.88656401634,7304.013541698456
2019-01-04,102279.99300384521,94975.97946214676,7304.013541698456
2019-01-07,102365.42580533028,97827.06171607971,4538.364089250565
2019-01-08,102396.57620358467,97858.2121143341,4538.364089250565
2019-01-09,102546.92594265938,98008.56185340881,4538.364089250565
2019-01-10,102552.16524243355,98013.80115318298,4538.364089250565
2019-01-11,102222.92693257332,97684.56284332275,4538.364089250565
2019-01-14,101606.83301091194,97068.46892166138,4538.364089250565
2019-01-15,102401.15722966194,97862.79314041138,4538.364089250565
2019-01-16,102890.38286137581,98352.01877212524,4538.364089250565
2019-01-17,101867.15697026253,97328.79288101196,4538.364089250565
2019-01-18,100653.93762135506,96115.57353210449,4538.364089250565
2019-01-21,99747.88687252998,95209.52278327942,4538.364089250565
2019-01-22,98974.9680492878,94436.60396003723,4538.364089250565
2019-01-23,98859.52347302437,94321.1593837738,4538.364089250565
2019-01-24,98255.39827084541,93717.03418159485,4538.364089250565
2019-01-25,97275.68566441536,92737.3215751648,4538.364089250565
2019-01-28,94612.2216732502,90073.85758399963,4538.364089250565
2019-01-29,95886.12231564522,91347.75822639465,4538.364089250565
2019-01-30,95701.04101872444,91162.67692947388,4538.364089250565
2019-01-31,96189.67622494698,91651.31213569641,4538.364089250565
2019-02-01,96251.10275197029,91712.73866271973,4538.364089250565
2019-02-04,95144.54217112064,89936.34458875656,5208.197582364082
2019-02-05,94038.46197378635,88830.26439142227,5208.197582364082
2019-02-06,94355.4825643301,89147.28498196602,5208.197582364082
2019-02-07,95232.04772078991,90023.85013842583,5208.197582364082
2019-02-08,94819.95844256878,89611.7608602047,5208.197582364082
2019-02-11,93283.35029637814,88075.15271401405,5208.197582364082
2019-02-12,93310.75792884827,88102.56034648418,5208.197582364082
2019-02-14,92738.5053883791,87530.30780601501,5208.197582364082
2019-02-15,92572.25920057297,87364.06161820889,5208.197582364082
2019-02-18,91643.3748768568,86435.17729449272,5208.197582364082
2019-02-19,92122.9878513813,86914.79026901722,5208.197582364082
2019-02-20,92835.10123181343,87626.90364944935,5208.197582364082
2019-02-21,93902.5418587923,88694.34427642822,5208.197582364082
2019-02-22,94802.13900279999,89593.9414204359,5208.197582364082
2019-02-25,95256.77878534794,90048.58120298386,5208.197582364082
2019-02-26,95050.18382787704,89841.98624551296,5208.197582364082
2019-02-27,94400.26805698872,89192.07047462463,5208.197582364082
2019-02-28,95246.98119235039,90038.7836099863,5208.197582364082
2019-03-01,96732.5418035984,91524.34422123432,5208.197582364082
2019-03-05,99383.53494858742,87313.0346069336,12070.500341653824
2019-03-06,100392.45276474953,88321.9524230957,12070.500341653824
2019-03-07,99965.64956116676,87895.14921951294,12070.500341653824
2019-03-08,99569.96483063698,87499.46448898315,12070.500341653824
2019-03-11,100515.808000803,88445.30765914917,12070.500341653824
2019-03-12,101648.73074173927,89578.23040008545,12070.500341653824
2019-03-13,100536.09811234474,88465.59777069092,12070.500341653824
2019-03-14,100636.85133957863,88566.3509979248,12070.500341653824
2019-03-15,100232.99023652077,88162.48989486694,12070.500341653824
2019-03-18,100291.35157608986,88220.85123443604,12070.500341653824
2019-03-19,100535.5208799839,88465.02053833008,12070.500341653824
2019-03-20,100142.35790085793,88071.8575592041,12070.500341653824
2019-03-22,99569.78577637672,87499.2854347229,12070.500341653824
2019-03-25,98266.57327866554,86196.07293701172,12070.500341653824
2019-03-26,98459.77580475807,86389.27546310425,12070.500341653824
2019-03-27,98788.01980423927,86717.51946258545,12070.500341653824
2019-03-28,99283.9409468174,87213.44060516357,12070.500341653824
2019-04-01,101624.00492691994,89553.50458526611,12070.500341653824
2019-04-02,101434.71808838844,89364.21774673462,12070.500341653824
2019-04-03,100590.28243470192,88519.7820930481,12070.500341653824
2019-04-04,100514.55305695534,88444.05271530151,12070.500341653824
2019-04-05,101904.13621354103,89833.6358718872,12070.500341653824
2019-04-08,101073.74932694435,94874.79445075989,6198.9548761844635
2019-04-09,100908.11089920998,94709.15602302551,6198.9548761844635
2019-04-10,100718.02141213417,94519.0665359497,6198.9548761844635
2019-04-11,100349.69085526466,94150.7359790802,6198.9548761844635
2019-04-12,100911.1680662632,94712.21319007874,6198.9548761844635
2019-04-15,101022.78787446022,94823.83299827576,6198.9548761844635
2019-04-16,101488.33662629128,95289.38175010681,6198.9548761844635
2019-04-18,100490.51305985451,94291.55818367004,6198.9548761844635
2019-04-22,98498.85730576515,92299.90242958069,6198.9548761844635
2019-04-23,98027.76233124733,91828.80745506287,6198.9548761844635
2019-04-24,98678.35921692848,92479.40434074402,6198.9548761844635
2019-04-25,98093.37051224709,91894.41563606262,6198.9548761844635
2019-04-26,97814.10769581795,91615.15281963348,6198.9548761844635
2019-04-30,96111.4678966999,89912.51302051544,6198.9548761844635
2019-05-02,95696.40790295601,89497.45302677155,6198.9548761844635
2019-05-03,95664.52432847023,89465.56945228577,6198.9548761844635
2019-05-06,94543.83853554726,78998.99684906006,15544.841686487198
2019-05-07,93885.56818509102,78340.72649860382,15544.841686487198
2019-05-08,92385.61901497841,76840.77732849121,15544.841686487198
2019-05-09,91672.84691739082,76128.00523090363,15544.841686487198
2019-05-10,92005.36929869652,76460.52761220932,15544.841686487198
2019-05-13,90882.29629635811,75337.45460987091,15544.841686487198
2019-05-14,91418.07987618446,75873.23818969727,15544.841686487198
2019-05-15,91228.20283436775,75683.36114788055,15544.841686487198
2019-05-16,91079.96261239052,75535.12092590332,15544.841686487198
2019-05-17,90790.23523068428,75245.39354419708,15544.841686487198
2019-05-20,93860.84649300575,78316.00480651855,15544.841686487198
2019-05-21,93396.07362294197,77851.23193645477,15544.841686487198
2019-05-22,93877.3612177372,78332.51953125,15544.841686487198
2019-05-23,93923.22141385078,78378.37972736359,15544.841686487198
2019-05-24,95981.72726988792,80436.88558340073,15544.841686487198
2019-05-27,96586.41105151176,81041.56936502457,15544.841686487198
2019-05-28,96562.10173726082,81017.26005077362,15544.841686487198
2019-05-29,96060.54338479042,80515.70169830322,15544.841686487198
2019-05-30,95977.58512043953,80432.74343395233,15544.841686487198
2019-05-31,95626.07991290092,80081.23822641373,15544.841686487198
2019-06-03,95424.95374703407,79880.11206054688,15544.841686487198
2019-06-04,94806.91472125053,79262.07303476334,15544.841686487198
2019-06-06,93333.59291005135,77788.75122356415,15544.841686487198
2019-06-07,93365.69225716591,77820.85057067871,15544.841686487198
2019-06-10,92597.21599984169,78727.35743904114,13869.858560800552
2019-06-11,92769.96368432045,78900.1051235199,13869.858560800552
2019-06-12,92043.60767388344,78173.74911308289,13869.858560800552
2019-06-13,91551.07792878151,77681.21936798096,13869.858560800552
2019-06-14,90690.2731897831,76820.41462898254,13869.858560800552
2019-06-17,89606.51178002357,75736.65321922302,13869.858560800552
2019-06-18,89390.78315377235,75520.9245929718,13869.858560800552
2019-06-19,89075.10558915138,75205.24702835083,13869.858560800552
2019-06-20,90246.06730675697,76376.20874595642,13869.858560800552
2019-06-21,90932.18045067787,77062.32188987732,13869.858560800552
2019-06-24,90694.32045769691,76824.46189689636,13869.858560800552
2019-06-25,90988.57936310768,77118.72080230713,13869.858560800552
2019-06-26,92073.9868376255,78204.12827682495,13869.858560800552
2019-06-27,92532.61729073524,78662.75872993469,13869.858560800552
2019-06-28,92784.64345765114,78914.78489685059,13869.858560800552
2019-07-01,92670.27863907814,78800.42007827759,13869.858560800552
2019-07-02,92929.77735924721,79059.91879844666,13869.858560800552
2019-07-03,93092.98967194557,79223.13111114502,13869.858560800552
2019-07-04,92827.98723244667,78958.12867164612,13869.858560800552
2019-07-05,91514.98113846779,77645.12257766724,13869.858560800552
2019-07-08,90591.87134385109,59764.703983306885,30827.167360544205
2019-07-09,91288.83013367653,60461.662773132324,30827.167360544205
2019-07-10,90943.2749350071,60116.10757446289,30827.167360544205
2019-07-11,91098.7621691227,60271.59480857849,30827.167360544205
2019-07-12,90996.45632576942,60169.28896522522,30827.167360544205
2019-07-15,90628.83817887306,59801.67081832886,30827.167360544205
2019-07-16,90909.64729142189,60082.479930877686,30827.167360544205
2019-07-17,90804.12327027321,59976.955909729004,30827.167360544205
2019-07-18,90137.31212258339,59310.144762039185,30827.167360544205
2019-07-19,89367.2691423893,58540.10178184509,30827.167360544205
2019-07-22,88720.53394532204,57893.36658477783,30827.167360544205
2019-07-23,88448.60962700844,57621.44226646423,30827.167360544205
2019-07-24,87844.63620781898,57017.46884727478,30827.167360544205
2019-07-25,87683.92765831947,56856.76029777527,30827.167360544205
2019-07-26,88034.1984102726,57207.03104972839,30827.167360544205
2019-07-29,87267.13155770302,56439.96419715881,30827.167360544205
2019-07-30,85892.56161522865,55065.39425468445,30827.167360544205
2019-07-31,86458.37281441689,55631.20545387268,30827.167360544205
2019-08-01,86019.73697304726,55192.56961250305,30827.167360544205
2019-08-02,85802.20021271706,54975.03285217285,30827.167360544205
2019-08-05,85337.8631079197,2747.2001037597656,82590.66300415993
2019-08-06,85256.26305603981,2665.600051879883,82590.66300415993
2019-08-07,85301.31295228004,2710.649948120117,82590.66300415993
2019-08-08,85340.41300415993,2749.75,82590.66300415993
2019-08-09,85327.66300415993,2737.0,82590.66300415993
2019-08-13,85273.26305603981,2682.600051879883,82590.66300415993
2019-08-14,85280.06295228004,2689.399948120117,82590.66300415993
2019-08-16,85240.1131079197,2649.4501037597656,82590.66300415993
2019-08-19,85273.26305603981,2682.600051879883,82590.66300415993
2019-08-20,85196.76305603981,2606.100051879883,82590.66300415993
2019-08-21,85098.16300415993,2507.5,82590.66300415993
2019-08-22,85071.81295228004,2481.149948120117,82590.66300415993
2019-08-23,85035.26305603981,2444.600051879883,82590.66300415993
2019-08-26,85090.51305603981,2499.850051879883,82590.66300415993
2019-08-27,85156.81295228004,2566.149948120117,82590.66300415993
2019-08-28,85120.26305603981,2529.600051879883,82590.66300415993
2019-08-29,85063.31295228004,2472.649948120117,82590.66300415993
2019-08-30,85101.56295228004,2510.899948120117,82590.66300415993
2019-09-03,85108.3631079197,2517.7001037597656,82590.66300415993
2019-09-04,85091.3631079197,2500.7001037597656,82590.66300415993
2019-09-05,85094.76305603981,2504.100051879883,82590.66300415993
2019-09-06,85156.81295228004,2566.149948120117,82590.66300415993
2019-09-09,85657.17818665504,57269.85549163818,28387.32269501686
2019-09-11,85959.83262085915,57572.509925842285,28387.32269501686
2019-09-12,86039.31743836403,57651.99474334717,28387.32269501686
2019-09-13,86679.21764588356,58291.8949508667,28387.32269501686
2019-09-16,87892.70836853981,59505.38567352295,28387.32269501686
2019-09-17,86497.27739930153,58109.95470428467,28387.32269501686
2019-09-18,86513.84730744362,58126.52461242676,28387.32269501686
2019-09-19,85780.90304017067,57393.58034515381,28387.32269501686
2019-09-20,87790.8427298069,59403.52003479004,28387.32269501686
2019-09-23,89013.07768464088,60625.75498962402,28387.32269501686
2019-09-24,89618.37298798561,61231.05029296875,28387.32269501686
2019-09-25,89066.63794922829,60679.315254211426,28387.32269501686
2019-09-26,89521.6126730442,61134.289978027344,28387.32269501686
2019-09-27,89025.28766083717,60637.96496582031,28387.32269501686
2019-09-30,88191.59308838844,59804.27039337158,28387.32269501686
2019-10-01,87912.77766633034,59525.45497131348,28387.32269501686
2019-10-03,87268.03795075417,58880.715255737305,28387.32269501686
2019-10-04,86603.58760285378,58216.264907836914,28387.32269501686
2019-10-07,86435.02987122536,39737.82830810547,46697.20156311989
2019-10-09,87106.1396124363,40408.938049316406,46697.20156311989
2019-10-10,87316.98133301735,40619.77976989746,46697.20156311989
2019-10-11,87406.71819519997,40709.51663208008,46697.20156311989
2019-10-14,87731.70362305641,41034.50205993652,46697.20156311989
2019-10-15,88018.63479065895,41321.43322753906,46697.20156311989
2019-10-16,88039.20885682106,41342.00729370117,46697.20156311989
2019-10-17,88178.83541321754,41481.633850097656,46697.20156311989
2019-10-18,88959.23157715797,42262.030014038086,46697.20156311989
2019-10-22,89758.54148316383,43061.339920043945,46697.20156311989
2019-10-23,89778.08825135231,43080.88668823242,46697.20156311989
2019-10-24,89533.45972657204,42836.25816345215,46697.20156311989
2019-10-25,89478.65368103981,42781.45211791992,46697.20156311989
2019-10-27,89792.5010626316,43095.29949951172,46697.20156311989
2019-10-29,90273.37499451637,43576.173431396484,46697.20156311989
2019-10-30,90536.21183228493,43839.01026916504,46697.20156311989
2019-10-31,90689.50118470192,43992.29962158203,46697.20156311989
2019-11-01,90825.98200440407,44128.78044128418,46697.20156311989
2019-11-04,90362.49108862877,64508.233675956726,25854.257412672043
2019-11-05,90247.56400370598,64393.306591033936,25854.257412672043
2019-11-06,90885.21648001671,65030.959067344666,25854.257412672043
2019-11-07,91496.48227858543,65642.22486591339,25854.257412672043
2019-11-08,90912.54857134819,65058.29115867615,25854.257412672043
2019-11-11,91233.56679320335,65379.30938053131,25854.257412672043
2019-11-13,90132.2342031002,64277.97679042816,25854.257412672043
2019-11-14,90057.27364611626,64203.016233444214,25854.257412672043
2019-11-15,89815.40653681755,63961.14912414551,25854.257412672043
2019-11-18,90040.06571125984,64185.8082985878,25854.257412672043
2019-11-19,89915.61657309532,64061.35916042328,25854.257412672043
2019-11-20,90359.59935450554,64505.341941833496,25854.257412672043
2019-11-21,89841.69429755211,63987.436884880066,25854.257412672043
2019-11-22,89238.93769907951,63384.68028640747,25854.257412672043
2019-11-25,90222.9398534298,64368.68244075775,25854.257412672043
2019-11-26,89773.75957465172,63919.502161979675,25854.257412672043
2019-11-27,90068.55166220665,64214.29424953461,25854.257412672043
2019-11-28,90547.51385045052,64693.25643777847,25854.257412672043
2019-11-29,90326.04394507408,64471.78653240204,25854.257412672043
2019-12-02,89980.31853938103,64126.061126708984,25854.257412672043
2019-12-03,89436.68644118309,63582.42902851105,25854.257412672043
2019-12-04,89624.24648880959,63769.98907613754,25854.257412672043
2019-12-05,89494.70331120491,63640.44589853287,25854.257412672043
2019-12-06,88950.86609244347,63096.60867977142,25854.257412672043
2019-12-09,89104.76261639595,75528.31594085693,13576.446675539017
2019-12-10,88126.77431416512,74550.3276386261,13576.446675539017
2019-12-11,88043.29130673409,74466.84463119507,13576.446675539017
2019-12-12,88584.62560009956,75008.17892456055,13576.446675539017
2019-12-13,89682.72601246834,76106.27933692932,13576.446675539017
2019-12-16,89482.26028180122,75905.8136062622,13576.446675539017
2019-12-17,89904.23487401009,76327.78819847107,13576.446675539017
2019-12-18,89976.1262485981,76399.67957305908,13576.446675539017
2019-12-19,90395.66024136543,76819.21356582642,13576.446675539017
2019-12-20,90203.18032956123,76626.73365402222,13576.446675539017
2019-12-23,90405.07877850533,76828.63210296631,13576.446675539017
2019-12-24,89987.33569455147,76410.88901901245,13576.446675539017
2019-12-26,90108.1655933857,76531.71891784668,13576.446675539017
2019-12-27,90320.39710354805,76743.95042800903,13576.446675539017
2019-12-30,90818.94248890877,77242.49581336975,13576.446675539017
2019-12-31,90742.02612996101,77165.579454422,13576.446675539017
2020-01-01,91256.0614349842,77679.61475944519,13576.446675539017
2020-01-02,92244.29616856575,78667.84949302673,13576.446675539017
2020-01-03,92459.64832806587,78883.20165252686,13576.446675539017
2020-01-06,90221.31707882881,77829.53667116165,12391.78040766716
2020-01-07,91439.62541866302,36549.16968154907,54890.45573711395
2020-01-08,91148.36609172821,36257.91035461426,54890.45573711395
2020-01-09,92172.46583080292,37282.010093688965,54890.45573711395
2020-01-10,92354.12557888031,37463.66984176636,54890.45573711395
2020-01-13,92770.78507518768,37880.32933807373,54890.45573711395
2020-01-14,92951.13588237762,38060.68014526367,54890.45573711395
2020-01-15,93741.80567836761,38851.34994125366,54890.45573711395
2020-01-16,94580.27580165863,39689.82006454468,54890.45573711395
2020-01-17,94518.8955450058,39628.439807891846,54890.45573711395
2020-01-20,94289.40571117401,39398.94997406006,54890.45573711395
2020-01-21,94351.82540416718,39461.36966705322,54890.45573711395
2020-01-22,94083.59554958344,39193.13981246948,54890.45573711395
2020-01-23,94145.20560359955,39254.749866485596,54890.45573711395
2020-01-24,93925.79595851898,39035.34022140503,54890.45573711395
2020-01-27,93824.24576854706,38933.790031433105,54890.45573711395
2020-01-28,93435.40621471405,38544.9504776001,54890.45573711395
2020-01-29,93842.39602565765,38951.9402885437,54890.45573711395
2020-01-30,92880.20548915863,37989.74975204468,54890.45573711395
2020-01-31,92250.02579021454,37359.570053100586,54890.45573711395
2020-02-03,90643.14591884613,35752.69018173218,54890.45573711395
2020-02-04,91541.25585079193,36650.80011367798,54890.45573711395
2020-02-05,92161.935297966,37271.47956085205,54890.45573711395
2020-02-06,92407.71563243866,37517.25989532471,54890.45573711395
2020-02-07,92658.70574474335,37768.250007629395,54890.45573711395
2020-02-10,92263.4117307663,74188.25255584717,18075.15917491913
2020-02-11,91901.25727748871,73826.09810256958,18075.15917491913
2020-02-12,91455.27594280243,73380.1167678833,18075.15917491913
2020-02-13,91938.41168498993,73863.2525100708,18075.15917491913
2020-02-14,91493.45043468475,73418.29125976562,18075.15917491913
2020-02-17,90739.07548809052,72663.91631317139,18075.15917491913
2020-02-18,90359.28907680511,72284.12990188599,18075.15917491913
2020-02-19,91813.57961940765,73738.42044448853,18075.15917491913
2020-02-20,92200.91348934174,74125.75431442261,18075.15917491913
2020-02-24,90626.44498348236,72551.28580856323,18075.15917491913
2020-02-25,89746.07116985321,38595.90026092529,51150.17090892792
2020-02-26,89599.53750133514,38449.36659240723,51150.17090892792
2020-02-27,89168.24567699432,38018.074768066406,51150.17090892792
2020-02-28,87650.8372182846,36500.66630935669,51150.17090892792
2020-03-02,86793.07092571259,35642.90001678467,51150.17090892792
2020-03-03,87660.0374135971,36509.86650466919,51150.17090892792
2020-03-04,87019.88710689545,35869.71619796753,51150.17090892792
2020-03-05,87277.89615154266,36127.725242614746,51150.17090892792
2020-03-06,86395.32066631317,35245.149757385254,51150.17090892792
2020-03-09,83803.43167114258,65221.47510051727,18581.956570625305
2020-03-11,83176.82629871368,64594.86972808838,18581.956570625305
2020-03-12,77557.86984920502,58975.91327857971,18581.956570625305
2020-03-13,79012.73933887482,60430.78276824951,18581.956570625305
2020-03-16,75950.31854104996,57368.36197042465,18581.956570625305
2020-03-17,74913.52268457413,56331.56611394882,18581.956570625305
2020-03-18,72151.24071550369,53569.28414487839,18581.956570625305
2020-03-19,70810.80529356003,52228.84872293472,18581.956570625305
2020-03-20,72827.5095000267,54245.5529294014,18581.956570625305
2020-03-23,66907.25776815414,48325.30119752884,18581.956570625305
2020-03-24,67652.41183924675,49070.455268621445,18581.956570625305
2020-03-25,69008.10291028023,50426.14633965492,18581.956570625305
2020-03-26,70280.78600645065,51698.82943582535,18581.956570625305
2020-03-27,70008.33649730682,51426.37992668152,18581.956570625305
2020-03-30,69501.69394731522,50919.73737668991,18581.956570625305
2020-03-31,70898.04615664482,52316.089586019516,18581.956570625305
2020-04-01,69586.06509423256,51004.108523607254,18581.956570625305
2020-04-03,69062.08360850811,50480.127037882805,18581.956570625305
2020-04-07,70594.04691803455,6897.0,63697.04691803455
2020-04-08,70636.54668724537,6939.499769210815,63697.04691803455
2020-04-09,70760.14680302143,7063.099884986877,63697.04691803455
2020-04-13,71040.6467858553,7343.59986782074,63697.04691803455
2020-04-15,71093.846965909,7396.800047874451,63697.04691803455
2020-04-16,71160.34675228596,7463.299834251404,63697.04691803455
2020-04-17,71292.14698421955,7595.100066184998,63697.04691803455
2020-04-20,71316.44684994221,7619.399931907654,63697.04691803455
2020-04-21,71422.84699833393,7725.800080299377,63697.04691803455
2020-04-22,71588.74686729908,7891.699949264526,63697.04691803455
2020-04-23,71792.44703400135,8095.400115966797,63697.04691803455
2020-04-24,71839.74689877033,8142.699980735779,63697.04691803455
2020-04-27,71674.44683563709,7977.399917602539,63697.04691803455
2020-04-28,71507.24708378315,7810.200165748596,63697.04691803455
2020-04-29,71638.74685204029,7941.699934005737,63697.04691803455
2020-04-30,71873.24708282948,8176.200164794922,63697.04691803455
2020-05-04,71902.84695065022,8205.800032615662,63697.04691803455
2020-05-05,72024.34693443775,8327.300016403198,63697.04691803455
2020-05-06,72224.34706032276,8527.300142288208,63697.04691803455
2020-05-07,72396.54679405689,8699.499876022339,63697.04691803455
2020-05-08,72604.14714157581,8907.10022354126,63697.04691803455
2020-05-11,72691.57297575474,15959.181375026703,56732.391600728035
2020-05-12,72812.71881878376,16080.327218055725,56732.391600728035
2020-05-13,73131.50782930851,16399.116228580475,56732.391600728035
2020-05-14,73353.56726849079,16621.175667762756,56732.391600728035
2020-05-15,73572.75798761845,16840.36638689041,56732.391600728035
2020-05-18,73560.17458879948,16827.78298807144,56732.391600728035
2020-05-19,73611.60808813572,16879.216487407684,56732.391600728035
2020-05-20,74112.90514194965,17380.51354122162,56732.391600728035
2020-05-21,74344.27355730534,17611.8819565773,56732.391600728035
2020-05-22,74316.06474745274,17583.6731467247,56732.391600728035
2020-05-26,74281.36534893513,17548.973748207092,56732.391600728035
2020-05-27,74450.34831011295,17717.95670938492,56732.391600728035
2020-05-28,74726.1486068964,17993.757006168365,56732.391600728035
2020-05-29,75363.42353308201,18631.031932353973,56732.391600728035
2020-06-01,75826.09121668339,19093.699615955353,56732.391600728035
2020-06-02,76287.12819302082,19554.736592292786,56732.391600728035
2020-06-03,76984.22092545033,20251.82932472229,56732.391600728035
2020-06-04,77582.17789947987,20849.78629875183,56732.391600728035
2020-06-05,78357.71532690525,21625.323726177216,56732.391600728035
2020-06-08,78664.5728455782,30276.916290283203,48387.65655529499
2020-06-09,78638.05870831013,30250.402153015137,48387.65655529499
2020-06-10,79602.32441532612,31214.667860031128,48387.65655529499
2020-06-11,79213.49195587635,30825.83540058136,48387.65655529499
2020-06-12,79216.4248162508,30828.76826095581,48387.65655529499
2020-06-15,79342.05860817432,30954.402052879333,48387.65655529499
2020-06-16,79038.11611664295,30650.45956134796,48387.65655529499
2020-06-17,78979.02461636066,30591.368061065674,48387.65655529499
2020-06-18,79529.06848728657,31141.411931991577,48387.65655529499
2020-06-19,80067.08557331562,31679.42901802063,48387.65655529499
2020-06-22,80450.52726471424,32062.87070941925,48387.65655529499
2020-06-23,81244.51864159107,32856.86208629608,48387.65655529499
2020-06-24,80758.09800732136,32370.441452026367,48387.65655529499
2020-06-25,81137.1274586916,32749.470903396606,48387.65655529499
2020-06-26,82291.89386761189,33904.237312316895,48387.65655529499
2020-06-29,82082.28674519062,33694.63018989563,48387.65655529499
2020-06-30,81848.6278115511,33460.9712562561,48387.65655529499
2020-07-01,82512.14329922199,34124.486743927,48387.65655529499
2020-07-02,82922.93285763264,34535.27630233765,48387.65655529499
2020-07-03,82822.39770901203,34434.74115371704,48387.65655529499
2020-07-06,83076.48036158085,79727.26449155807,3349.2158700227737
2020-07-07,83011.04081332684,79661.82494330406,3349.2158700227737
2020-07-08,82290.8368383646,78941.62096834183,3349.2158700227737
2020-07-09,82342.5307019949,78993.31483197212,3349.2158700227737
2020-07-10,81639.99450695515,78290.77863693237,3349.2158700227737
2020-07-13,81572.63771259785,78223.42184257507,3349.2158700227737
2020-07-14,79667.48168122768,76318.26581120491,3349.2158700227737
2020-07-15,78909.09525930882,75559.87938928604,3349.2158700227737
2020-07-16,78148.46820986271,74799.25233983994,3349.2158700227737
2020-07-17,79816.30773937702,76467.09186935425,3349.2158700227737
2020-07-20,80383.17255675793,77033.95668673515,3349.2158700227737
2020-07-21,81330.66814959049,77981.45227956772,3349.2158700227737
2020-07-22,80869.44010317326,77520.22423315048,3349.2158700227737
2020-07-23,81404.00730240345,78054.79143238068,3349.2158700227737
2020-07-24,81522.57875788212,78173.36288785934,3349.2158700227737
2020-07-27,80518.2280203104,77169.01215028763,3349.2158700227737
2020-07-28,80229.03955805302,76879.82368803024,3349.2158700227737
2020-07-29,81197.80282390118,77848.5869538784,3349.2158700227737
2020-07-30,80067.51627266407,76718.3004026413,3349.2158700227737
2020-07-31,79913.17484939098,76563.95897936821,3349.2158700227737
2020-08-03,81439.23255860806,78090.01668858528,3349.2158700227737
2020-08-04,82260.74084055424,78911.52497053146,3349.2158700227737
2020-08-05,82572.57246816158,79223.35659813881,3349.2158700227737
2020-08-06,82807.67442882061,79458.45855879784,3349.2158700227737
2020-08-07,83752.90433752537,80403.6884675026,3349.2158700227737
2020-08-10,85518.9307924509,22186.269993782043,63332.66079866886
2020-08-11,85572.49752485752,22239.83672618866,63332.66079866886
2020-08-12,85594.46711933613,22261.806320667267,63332.66079866886
2020-08-13,86080.18080508709,22747.520006418228,63332.66079866886
2020-08-14,86096.11413252354,22763.453333854675,63332.66079866886
2020-08-17,86418.90738284588,23086.246584177017,63332.66079866886
2020-08-18,86837.91735041142,23505.256551742554,63332.66079866886
2020-08-19,87284.31784260273,23951.65704393387,63332.66079866886
2020-08-20,87529.22039806843,24196.559599399567,63332.66079866886
2020-08-21,88080.85390174389,24748.193103075027,63332.66079866886
2020-08-24,88554.72097623348,25222.06017756462,63332.66079866886
2020-08-25,88723.2042914629,25390.543492794037,63332.66079866886
2020-08-26,88814.59375584126,25481.932957172394,63332.66079866886
2020-08-27,89022.93413770199,25690.273339033127,63332.66079866886
2020-08-28,88916.49100983143,25583.830211162567,63332.66079866886
2020-08-31,88154.57437241077,24821.913573741913,63332.66079866886
2020-09-01,87774.36714708805,24441.70634841919,63332.66079866886
2020-09-02,88140.09724628925,24807.436447620392,63332.66079866886
2020-09-03,88421.89127624035,25089.230477571487,63332.66079866886
2020-09-04,88401.16411292553,25068.503314256668,63332.66079866886
2020-09-07,88366.08479630947,53614.60149550438,34751.48330080509
2020-09-08,87936.00539934635,53184.52209854126,34751.48330080509
2020-09-09,87427.03973138332,52675.55643057823,34751.48330080509
2020-09-10,88389.62401306629,53638.1407122612,34751.48330080509
2020-09-11,88138.4404488802,53386.957148075104,34751.48330080509
2020-09-14,89569.0935190916,54817.610218286514,34751.48330080509
2020-09-15,90010.58818995953,55259.104889154434,34751.48330080509
2020-09-16,89821.20801508427,55069.724714279175,34751.48330080509
2020-09-17,89308.71428596973,54557.23098516464,34751.48330080509
2020-09-18,89298.19390261173,54546.71060180664,34751.48330080509
2020-09-21,86555.82657206059,51804.34327125549,34751.48330080509
2020-09-22,85533.52435052395,50782.04104971886,34751.48330080509
2020-09-23,85830.76775109768,51079.28445029259,34751.48330080509
2020-09-24,84184.36190521717,49432.87860441208,34751.48330080509
2020-09-25,85630.66771423817,50879.184413433075,34751.48330080509
2020-09-28,86961.29768669605,52209.81438589096,34751.48330080509
2020-09-29,87181.22734367847,52429.74404287338,34751.48330080509
2020-09-30,86966.50080645084,52215.01750564575,34751.48330080509
2020-10-01,87307.40185773373,52555.918556928635,34751.48330080509
2020-10-05,88298.44654047489,80768.55056381226,7529.895976662636
2020-10-06,88210.66977846622,80680.77380180359,7529.895976662636
2020-10-07,87850.63920557499,80320.74322891235,7529.895976662636
2020-10-08,88146.73908960819,80616.84311294556,7529.895976662636
2020-10-09,88068.77818834782,80538.88221168518,7529.895976662636
2020-10-12,86996.2660099268,79466.37003326416,7529.895976662636
2020-10-13,87139.07757151127,79609.18159484863,7529.895976662636
2020-10-14,86831.63830149174,79301.7423248291,7529.895976662636
2020-10-15,85293.86169970036,77763.96572303772,7529.895976662636
2020-10-16,85655.63393366337,78125.73795700073,7529.895976662636
2020-10-19,86191.39562380314,78661.4996471405,7529.895976662636
2020-10-20,86930.0147587061,79400.11878204346,7529.895976662636
2020-10-21,87639.66464197636,80109.76866531372,7529.895976662636
2020-10-22,88542.51011431217,81012.61413764954,7529.895976662636
2020-10-23,89213.69312250614,81683.7971458435,7529.895976662636
2020-10-26,88244.36007082462,80714.46409416199,7529.895976662636
2020-10-27,88340.12433588505,80810.22835922241,7529.895976662636
2020-10-28,88209.97660791874,80680.0806312561,7529.895976662636
2020-10-29,88345.4717899561,80815.57581329346,7529.895976662636
2020-10-30,89036.5303055048,81506.63432884216,7529.895976662636
2020-11-02,88728.0806709528,81198.18469429016,7529.895976662636
2020-11-03,90137.79233705997,82607.89636039734,7529.895976662636
2020-11-04,90411.59304010868,82881.69706344604,7529.895976662636
2020-11-05,91563.97602045536,84034.08004379272,7529.895976662636
2020-11-06,91543.47459566593,84013.5786190033,7529.895976662636
2020-11-09,92303.15320456028,81898.65052080154,10404.502683758736
2020-11-10,93122.3922868967,82717.88960313797,10404.502683758736
2020-11-11,93322.23185265064,82917.7291688919,10404.502683758736
2020-11-12,93809.46819126606,83404.96550750732,10404.502683758736
2020-11-13,95330.90245592594,84926.3997721672,10404.502683758736
2020-11-14,96197.32330143452,85792.82061767578,10404.502683758736
2020-11-17,98113.48395884037,87708.98127508163,10404.502683758736
2020-11-18,99071.53761780262,88667.03493404388,10404.502683758736
2020-11-19,98042.84760344028,87638.34491968155,10404.502683758736
2020-11-20,97757.63785660267,87353.13517284393,10404.502683758736
2020-11-23,99393.88241255283,88989.3797287941,10404.502683758736
2020-11-24,100662.35782158375,90257.85513782501,10404.502683758736
2020-11-25,100756.97783720493,90352.4751534462,10404.502683758736
2020-11-26,101846.00284159184,91441.5001578331,10404.502683758736
2020-11-27,103707.07784187794,93302.5751581192,10404.502683758736
2020-12-01,105941.40281689167,95536.90013313293,10404.502683758736
2020-12-02,107716.01807320118,97311.51538944244,10404.502683758736
2020-12-03,109611.7026053667,99207.19992160797,10404.502683758736
2020-12-04,109614.37671768665,99209.87403392792,10404.502683758736
2020-12-07,109684.94403851032,99859.69268321991,9825.25135529041
2020-12-08,109247.81206810474,99422.56071281433,9825.25135529041
2020-12-09,109057.78506958485,99232.53371429443,9825.25135529041
2020-12-10,108536.61930191517,98711.36794662476,9825.25135529041
2020-12-11,109369.27753174305,99544.02617645264,9825.25135529041
2020-12-14,110727.72196781635,100902.47061252594,9825.25135529041
2020-12-15,110880.75437557697,101055.50302028656,9825.25135529041
2020-12-16,111460.40195858479,101635.15060329437,9825.25135529041
2020-12-17,111233.02218449116,101407.77082920074,9825.25135529041
2020-12-18,110699.61767590046,100874.36632061005,9825.25135529041
2020-12-21,105979.74724113941,96154.495885849,9825.25135529041
2020-12-22,106321.60467636585,96496.35332107544,9825.25135529041
2020-12-23,108823.0442019701,98997.79284667969,9825.25135529041
2020-12-24,110165.7673817873,100340.51602649689,9825.25135529041
2020-12-28,111953.23768723011,102127.9863319397,9825.25135529041
2020-12-29,112629.8190022707,102804.56764698029,9825.25135529041
2020-12-30,112958.2399417162,103132.98858642578,9825.25135529041
2020-12-31,112692.685105443,102867.43375015259,9825.25135529041
2021-01-01,113967.43415367603,104142.18279838562,9825.25135529041
2021-01-04,115319.86211121082,100891.49727249146,14428.364838719364
2021-01-05,115960.04487335682,101531.68003463745,14428.364838719364
2021-01-06,115732.83489143848,101304.47005271912,14428.364838719364
2021-01-07,116418.7318392992,101990.36700057983,14428.364838719364
2021-01-08,116801.1525336504,102372.78769493103,14428.364838719364
2021-01-11,117009.10180389881,102580.73696517944,14428.364838719364
2021-01-12,117654.61257660389,103226.24773788452,14428.364838719364
2021-01-13,117300.7208148241,102872.35597610474,14428.364838719364
2021-01-14,116534.68540298939,102106.32056427002,14428.364838719364
2021-01-15,115508.08873474598,101079.72389602661,14428.364838719364
2021-01-18,113755.05848228931,99326.69364356995,14428.364838719364
2021-01-19,115720.71909248829,101292.35425376892,14428.364838719364
2021-01-20,116651.1156321764,102222.75079345703,14428.364838719364
2021-01-21,115253.11616814137,100824.751329422,14428.364838719364
2021-01-22,113587.29093468189,99158.92609596252,14428.364838719364
2021-01-25,112336.20346748829,97907.83862876892,14428.364838719364
2021-01-27,112344.96557533741,97916.60073661804,14428.364838719364
2021-01-28,111597.74245750904,97169.37761878967,14428.364838719364
2021-01-29,112066.05180084705,97637.68696212769,14428.364838719364
2021-02-01,116111.62798035145,101683.26314163208,14428.364838719364
2021-02-02,118190.25232040882,103761.88748168945,14428.364838719364
2021-02-03,119893.48455536366,105465.11971664429,14428.364838719364
2021-02-04,121319.80898582935,106891.44414710999,14428.364838719364
2021-02-05,122228.6742297411,107800.30939102173,14428.364838719364
2021-02-08,125346.4165469408,108423.8410358429,16922.575511097904
2021-02-09,124680.18648636341,107757.6109752655,16922.575511097904
2021-02-10,125616.00085937977,108693.42534828186,16922.575511097904
2021-02-11,125604.68533432484,108682.10982322693,16922.575511097904
2021-02-12,124807.46087753773,107884.88536643982,16922.575511097904
2021-02-15,125619.68558228016,108697.11007118225,16922.575511097904
2021-02-16,127332.56973564625,110409.99422454834,16922.575511097904
2021-02-17,128599.12460625172,111676.54909515381,16922.575511097904
2021-02-18,129536.96595489979,112614.39044380188,16922.575511097904
2021-02-19,128135.42671883106,111212.85120773315,16922.575511097904
2021-02-22,126778.10270607471,109855.5271949768,16922.575511097904
2021-02-23,128508.07174789906,111585.49623680115,16922.575511097904
2021-02-24,130387.31195557117,113464.73644447327,16922.575511097904
2021-02-25,133427.05670273304,116504.48119163513,16922.575511097904
2021-02-26,131640.0992537737,114717.52374267578,16922.575511097904
2021-03-01,133473.4835215807,116550.90801048279,16922.575511097904
2021-03-02,134794.6005126238,117872.02500152588,16922.575511097904
2021-03-03,137146.12410652637,120223.54859542847,16922.575511097904
2021-03-04,138056.77004539967,121134.19453430176,16922.575511097904
2021-03-05,136319.24562752247,119396.67011642456,16922.575511097904
2021-03-08,136666.80881512165,120862.94169425964,15803.867120862004
2021-03-09,135133.65417301655,119329.78705215454,15803.867120862004
2021-03-10,137461.2003890276,121657.33326816559,15803.867120862004
2021-03-12,137932.54921925068,122128.68209838867,15803.867120862004
2021-03-15,137099.63558781147,121295.76846694946,15803.867120862004
2021-03-16,135901.81080448627,120097.94368362427,15803.867120862004
2021-03-17,131631.62460243702,115827.75748157501,15803.867120862004
2021-03-18,128829.32919704914,113025.46207618713,15803.867120862004
2021-03-19,129264.78384792805,113460.91672706604,15803.867120862004
2021-03-22,131437.65118515491,115633.78406429291,15803.867120862004
2021-03-23,133530.00275719166,117726.13563632965,15803.867120862004
2021-03-24,130743.92660439014,114940.05948352814,15803.867120862004
2021-03-25,127568.70903789997,111764.84191703796,15803.867120862004
2021-03-26,128669.5393115282,112865.6721906662,15803.867120862004
2021-03-30,129636.50325214863,113832.63613128662,15803.867120862004
2021-03-31,129391.93215382099,113588.06503295898,15803.867120862004
2021-04-01,132595.3554803133,116791.4883594513,15803.867120862004
2021-04-05,128993.60821259022,114627.59948253632,14366.008730053898
2021-04-06,130759.39609539509,116393.38736534119,14366.008730053898
2021-04-07,133388.2043915987,119022.1956615448,14366.008730053898
2021-04-08,135409.81001579762,121043.80128574371,14366.008730053898
2021-04-09,135792.74187862873,121426.73314857483,14366.008730053898
2021-04-12,126525.33132851124,112159.32259845734,14366.008730053898
2021-04-13,129110.0641938448,114744.0554637909,14366.008730053898
2021-04-15,128303.67351162434,113937.66478157043,14366.008730053898
2021-04-16,129591.75714790821,115225.74841785431,14366.008730053898
2021-04-19,124637.3990689516,110271.3903388977,14366.008730053898
2021-04-20,125220.6238232851,110854.6150932312,14366.008730053898
2021-04-22,125365.75879013538,110999.75006008148,14366.008730053898
2021-04-23,125617.99134838581,111251.98261833191,14366.008730053898
2021-04-26,127220.31839859486,112854.30966854095,14366.008730053898
2021-04-27,130433.68142998219,116067.67269992828,14366.008730053898
2021-04-28,130850.30141842365,116484.29268836975,14366.008730053898
2021-04-29,131346.60028660297,116980.59155654907,14366.008730053898
2021-04-30,131716.79837620258,117350.78964614868,14366.008730053898
2021-05-03,132804.66543495655,118438.65670490265,14366.008730053898
2021-05-04,132699.18874371052,118333.18001365662,14366.008730053898
2021-05-05,134438.73009884357,120072.72136878967,14366.008730053898
2021-05-06,134820.48104679585,120454.47231674194,14366.008730053898
2021-05-07,135398.22651779652,121032.21778774261,14366.008730053898
2021-05-10,140167.00767052174,127142.71824550629,13024.289425015446
2021-05-11,141960.42258942127,128936.13316440582,13024.289425015446
2021-05-12,139884.04091656208,126859.75149154663,13024.289425015446
2021-05-14,136558.6090489626,123534.31962394714,13024.289425015446
2021-05-17,140062.5427838564,127038.25335884094,13024.289425015446
2021-05-18,141446.3621197939,128422.07269477844,13024.289425015446
2021-05-19,141362.04176533222,128337.75234031677,13024.289425015446
2021-05-20,140431.182944417,127406.89351940155,13024.289425015446
2021-05-21,139817.3180295229,126793.02860450745,13024.289425015446
2021-05-24,141656.37316334248,128632.08373832703,13024.289425015446
2021-05-25,142700.51545250416,129676.22602748871,13024.289425015446
2021-05-26,143997.86842739582,130973.57900238037,13024.289425015446
2021-05-27,144104.38882267475,131080.0993976593,13024.289425015446
2021-05-28,143349.65322601795,130325.3638010025,13024.289425015446
2021-05-31,144840.8346863985,131816.54526138306,13024.289425015446
2021-06-01,142598.96283638477,129574.67341136932,13024.289425015446
2021-06-02,145830.63659870625,132806.3471736908,13024.289425015446
2021-06-03,147275.24063408375,134250.9512090683,13024.289425015446
2021-06-04,148963.0008326769,135938.71140766144,13024.289425015446
2021-06-07,152464.6189776659,140319.11966705322,12145.499310612675
2021-06-08,154701.78079521656,142556.28148460388,12145.499310612675
2021-06-09,154052.71748888493,141907.21817827225,12145.499310612675
2021-06-10,158134.68423950672,145989.18492889404,12145.499310612675
2021-06-11,159260.5172725916,147115.0179619789,12145.499310612675
2021-06-14,160789.14129698277,148643.6419863701,12145.499310612675
2021-06-15,161900.4651991129,149754.9658885002,12145.499310612675
2021-06-16,161830.85135614872,149685.35204553604,12145.499310612675
2021-06-17,162815.40011751652,150669.90080690384,12145.499310612675
2021-06-18,160370.70812380314,148225.20881319046,12145.499310612675
2021-06-21,164556.70780479908,152411.2084941864,12145.499310612675
2021-06-22,167854.90307343006,155709.40376281738,12145.499310612675
2021-06-23,167065.12229788303,154919.62298727036,12145.499310612675
2021-06-24,167277.2643276453,155131.76501703262,12145.499310612675
2021-06-25,168085.10289251804,155939.60358190536,12145.499310612675
2021-06-28,169963.3955413103,157817.89623069763,12145.499310612675
2021-06-29,171099.52876007557,158954.0294494629,12145.499310612675
2021-06-30,172490.6045461893,160345.10523557663,12145.499310612675
2021-07-01,173440.60671961308,161295.1074090004,12145.499310612675
2021-07-02,176238.10799705982,164092.60868644714,12145.499310612675
2021-07-05,178455.9644547701,168196.29656028748,10259.667894482609
2021-07-06,177117.95778667927,166858.28989219666,10259.667894482609
2021-07-07,176675.6556187868,166415.9877243042,10259.667894482609
2021-07-08,176633.62801849842,166373.9601240158,10259.667894482609
2021-07-09,176868.6984769106,166609.03058242798,10259.667894482609
2021-07-12,178242.0995131731,167982.4316186905,10259.667894482609
2021-07-13,179312.29134380817,169052.62344932556,10259.667894482609
2021-07-14,178185.56825840473,167925.90036392212,10259.667894482609
2021-07-15,178849.30051243305,168589.63261795044,10259.667894482609
2021-07-16,180771.8941384554,170512.22624397278,10259.667894482609
2021-07-19,181162.3021069765,170902.6342124939,10259.667894482609
2021-07-20,177724.9503594637,167465.28246498108,10259.667894482609
2021-07-22,180368.36745083332,170108.6995563507,10259.667894482609
2021-07-23,180250.84149849415,169991.17360401154,10259.667894482609
2021-07-26,181071.00062191486,170811.33272743225,10259.667894482609
2021-07-27,181409.22192776203,171149.55403327942,10259.667894482609
2021-07-28,180647.33027660847,170387.66238212585,10259.667894482609
2021-07-29,181011.3426285982,170751.6747341156,10259.667894482609
2021-07-30,182232.78775322437,171973.11985874176,10259.667894482609
2021-08-02,183281.60083591938,173021.93294143677,10259.667894482609
2021-08-03,184168.3304387331,173908.6625442505,10259.667894482609
2021-08-04,182050.45605671406,171790.78816223145,10259.667894482609
2021-08-05,179613.25809395313,169353.59019947052,10259.667894482609
2021-08-06,179756.54440796375,169496.87651348114,10259.667894482609
2021-08-09,179134.67705452442,158141.906665802,20992.770388722416
2021-08-10,175022.3675299883,154029.59714126587,20992.770388722416
2021-08-11,173856.59823906422,152863.8278503418,20992.770388722416
2021-08-12,176830.14342796803,155837.3730392456,20992.770388722416
2021-08-13,177310.9964133501,156318.2260246277,20992.770388722416
2021-08-16,177047.60335075855,156054.83296203613,20992.770388722416
2021-08-17,176736.56614601612,155743.7957572937,20992.770388722416
2021-08-18,175650.42462456226,154657.65423583984,20992.770388722416
2021-08-20,171522.64990341663,150529.8795146942,20992.770388722416
2021-08-23,169979.5838290453,148986.81344032288,20992.770388722416
2021-08-24,174794.94961082935,153802.17922210693,20992.770388722416
2021-08-25,176154.47762215137,155161.70723342896,20992.770388722416
2021-08-26,176024.77694618702,155032.0065574646,20992.770388722416
2021-08-27,177979.10866081715,156986.33827209473,20992.770388722416
2021-08-30,179394.1405326128,158401.37014389038,20992.770388722416
2021-08-31,179452.47433769703,158459.7039489746,20992.770388722416
2021-09-01,179502.44734871387,158509.67695999146,20992.770388722416
2021-09-02,181701.90510857105,160709.13471984863,20992.770388722416
2021-09-03,183427.1286689043,162434.35828018188,20992.770388722416
2021-09-06,185002.83570206165,158850.3896408081,26152.446061253544
2021-09-07,184783.38160431385,158630.9355430603,26152.446061253544
2021-09-08,185807.452267766,159655.00620651245,26152.446061253544
2021-09-09,186996.6002150774,160844.15415382385,26152.446061253544
2021-09-13,188149.2870131731,161996.84095191956,26152.446061253544
2021-09-14,190087.97445595264,163935.5283946991,26152.446061253544
2021-09-15,191705.34946930408,165552.90340805054,26152.446061253544
2021-09-16,191784.28488838673,165631.83882713318,26152.446061253544
2021-09-17,190803.6194754839,164651.17341423035,26152.446061253544
2021-09-20,187577.28182899952,161424.83576774597,26152.446061253544
2021-09-21,188073.5680514574,161921.12199020386,26152.446061253544
2021-09-22,189265.64286530018,163113.19680404663,26152.446061253544
2021-09-23,190815.53977692127,164663.09371566772,26152.446061253544
2021-09-24,190519.67316162586,164367.2271003723,26152.446061253544
2021-09-27,189984.3283854723,163831.88232421875,26152.446061253544
2021-09-28,188659.4758616686,162507.02980041504,26152.446061253544
2021-09-29,190073.33030045033,163920.88423919678,26152.446061253544
2021-09-30,191151.78712189198,164999.34106063843,26152.446061253544
2021-10-01,191796.8765193224,165644.43045806885,26152.446061253544
2021-10-04,194063.18070328236,172616.03391838074,21447.146784901615
2021-10-05,194962.90914452076,173515.76235961914,21447.146784901615
2021-10-06,191369.02183449268,169921.87504959106,21447.146784901615
2021-10-07,193504.62612831593,172057.4793434143,21447.146784901615
2021-10-08,193512.8528472185,172065.7060623169,21447.146784901615
2021-10-11,194966.0201331377,173518.87334823608,21447.146784901615
2021-10-12,195914.76829445362,174467.621509552,21447.146784901615
2021-10-13,198689.8975058794,177242.75072097778,21447.146784901615
2021-10-14,198514.03099358082,177066.8842086792,21447.146784901615
2021-10-18,200094.6317321062,178647.4849472046,21447.146784901615
2021-10-19,197787.90190041065,176340.75511550903,21447.146784901615
2021-10-20,195128.1567145586,173681.00992965698,21447.146784901615
2021-10-21,193594.2158538103,172147.0690689087,21447.146784901615
2021-10-22,193159.21324074268,171712.06645584106,21447.146784901615
2021-10-25,191497.6406890154,170050.49390411377,21447.146784901615
2021-10-26,194821.5293341875,173374.3825492859,21447.146784901615
2021-10-27,194916.2070838213,173469.06029891968,21447.146784901615
2021-10-28,191398.92813026905,169951.78134536743,21447.146784901615
2021-10-29,190547.76290810108,169100.61612319946,21447.146784901615
2021-11-01,192501.622939229,171054.4761543274,21447.146784901615
2021-11-02,193218.18610298634,171771.03931808472,21447.146784901615
2021-11-03,192600.11163246632,171152.9648475647,21447.146784901615
2021-11-04,194859.79198372364,173412.64519882202,21447.146784901615
2021-11-08,199142.2782202959,186481.4557800293,12660.822440266606
2021-11-09,200371.4892874956,187710.666847229,12660.822440266606
2021-11-10,199121.66684639454,186460.84440612793,12660.822440266606
2021-11-11,197124.62050926685,184463.79806900024,12660.822440266606
2021-11-12,197758.16233360767,185097.33989334106,12660.822440266606
2021-11-15,196589.8304091692,183929.0079689026,12660.822440266606
2021-11-16,195012.17196953297,182351.34952926636,12660.822440266606
2021-11-17,194881.3016616106,182220.479221344,12660.822440266606
2021-11-18,193577.4196807146,180916.597240448,12660.822440266606
2021-11-22,188176.44001305103,175515.61757278442,12660.822440266606
2021-11-23,189374.98564445972,88824.94045639038,100550.04518806934
2021-11-24,189892.14600288868,89342.10081481934,100550.04518806934
2021-11-25,191234.8147650957,90684.76957702637,100550.04518806934
2021-11-26,188913.6556121111,88363.61042404175,100550.04518806934
2021-11-29,187473.74483788013,86923.69964981079,100550.04518806934
2021-11-30,187648.955260396,87098.91007232666,100550.04518806934
2021-12-01,188356.57536232471,87806.53017425537,100550.04518806934
2021-12-02,189373.354945302,88823.30975723267,100550.04518806934
2021-12-03,189979.79531776905,89429.7501296997,100550.04518806934
2021-12-06,189650.73698341846,172180.5065765381,17470.23040688038
2021-12-07,192310.91848671436,174840.68807983398,17470.23040688038
2021-12-08,194181.5773717165,176711.34696483612,17470.23040688038
2021-12-09,197400.76944839954,179930.53904151917,17470.23040688038
2021-12-10,199275.5080577135,181805.27765083313,17470.23040688038
2021-12-13,198422.57519829273,180952.34479141235,17470.23040688038
2021-12-14,199260.39538109303,181790.16497421265,17470.23040688038
2021-12-15,198401.9075356722,180931.6771287918,17470.23040688038
2021-12-16,196619.02646648884,179148.79605960846,17470.23040688038
2021-12-17,192263.0796185732,174792.8492116928,17470.23040688038
2021-12-20,185103.9900561571,167633.75964927673,17470.23040688038
2021-12-21,186990.30840027332,85226.6781616211,101763.63023865223
2021-12-22,187862.13058960438,86098.50035095215,101763.63023865223
2021-12-23,187629.2237445116,85865.59350585938,101763.63023865223
2021-12-24,187388.23193848133,85624.6016998291,101763.63023865223
2021-12-27,187080.50188171864,85316.8716430664,101763.63023865223
2021-12-28,188372.00558960438,86608.37535095215,101763.63023865223
2021-12-29,188588.04326355457,86824.41302490234,101763.63023865223
2021-12-30,189437.46298706532,87673.83274841309,101763.63023865223
2021-12-31,191175.99951660633,89412.3692779541,101763.63023865223
2022-01-03,192753.3817950487,90989.75155639648,101763.63023865223
2022-01-04,193699.26187622547,91935.63163757324,101763.63023865223
2022-01-05,193969.7078601122,92206.07762145996,101763.63023865223
2022-01-06,196333.6421252489,94570.01188659668,101763.63023865223
2022-01-07,197003.78200256824,95240.15176391602,101763.63023865223
2022-01-10,198612.2286196947,92405.78694152832,106206.44167816639
2022-01-11,199814.30135071278,93607.85967254639,106206.44167816639
2022-01-12,199449.60536682606,93243.16368865967,106206.44167816639
2022-01-13,200205.910962224,93999.46928405762,106206.44167816639
2022-01-14,201532.05918610096,95325.61750793457,106206.44167816639
2022-01-17,201629.71931183338,95423.27763366699,106206.44167816639
2022-01-18,199863.52685272694,93657.08517456055,106206.44167816639
2022-01-19,199849.8324252367,93643.39074707031,106206.44167816639
2022-01-20,200432.43800079823,94225.99632263184,106206.44167816639
2022-01-21,199080.5269137621,92874.0852355957,106206.44167816639
2022-01-24,195310.26051056385,89103.81883239746,106206.44167816639
2022-01-25,195562.17333710194,89355.73165893555,106206.44167816639
2022-01-27,194497.22804749012,88290.78636932373,106206.44167816639
2022-01-28,194227.4660769701,88021.02439880371,106206.44167816639
2022-01-31,195503.37853729725,89296.93685913086,106206.44167816639
2022-02-01,196051.37718689442,89844.93550872803,106206.44167816639
2022-02-02,198380.5723773241,92174.13069915771,106206.44167816639
2022-02-03,200408.72839844227,94202.28672027588,106206.44167816639
2022-02-04,201029.65196716785,94823.21028900146,106206.44167816639
2022-02-07,200518.60884678364,149270.90685462952,51247.70199215412
2022-02-08,197961.92667400837,146714.22468185425,51247.70199215412
2022-02-09,198466.20929920673,147218.5073070526,51247.70199215412
2022-02-10,199277.5923768282,148029.89038467407,51247.70199215412
2022-02-11,198807.81159889698,147560.10960674286,51247.70199215412
2022-02-14,191846.3253632784,140598.62337112427,51247.70199215412
2022-02-15,195204.6711369753,143956.96914482117,51247.70199215412
2022-02-16,196023.15549767017,144775.45350551605,51247.70199215412
2022-02-17,195055.69117558002,143807.9891834259,51247.70199215412
2022-02-18,193153.90451347828,141906.20252132416,51247.70199215412
2022-02-21,189350.65141308308,138102.94942092896,51247.70199215412
2022-02-22,185661.83113396168,134414.12914180756,51247.70199215412
2022-02-23,187760.08376514912,136512.381772995,51247.70199215412
2022-02-24,178496.60234177113,127248.900349617,51247.70199215412
2022-02-25,183398.3302832842,132150.62829113007,51247.70199215412
2022-02-28,185328.6148558855,134080.91286373138,51247.70199215412
2022-03-02,186319.1184054613,135071.4164133072,51247.70199215412
2022-03-03,188781.06288063526,137533.36088848114,51247.70199215412
2022-03-04,187745.34893715382,136497.6469449997,51247.70199215412
2022-03-07,186203.40126240253,180861.10610961914,5342.295152783394
2022-03-08,186678.28229534626,181335.98714256287,5342.295152783394
2022-03-09,190034.65379345417,184692.35864067078,5342.295152783394
2022-03-10,189792.53973591328,184450.24458312988,5342.295152783394
2022-03-11,193354.33193981647,188012.03678703308,5342.295152783394
2022-03-14,193448.41496765614,188106.11981487274,5342.295152783394
2022-03-15,190571.3963252306,185229.1011724472,5342.295152783394
2022-03-16,193026.63945496082,187684.34430217743,5342.295152783394
2022-03-17,193818.85522186756,188476.56006908417,5342.295152783394
2022-03-21,194846.35787785053,189504.06272506714,5342.295152783394
2022-03-22,195355.65880596638,190013.36365318298,5342.295152783394
2022-03-23,195282.07775890827,189939.78260612488,5342.295152783394
2022-03-24,196842.67113506794,191500.37598228455,5342.295152783394
2022-03-25,197260.47207462788,191918.17692184448,5342.295152783394
2022-03-28,198148.80624973774,192806.51109695435,5342.295152783394
2022-03-29,201191.2778970003,195848.98274421692,5342.295152783394
2022-03-30,200024.6168652773,194682.3217124939,5342.295152783394
2022-03-31,201681.3204060793,196339.0252532959,5342.295152783394
2022-04-01,205941.35696041584,200599.06180763245,5342.295152783394
2022-04-04,210054.66042339802,201399.3350982666,8655.325325131416
2022-04-05,215154.19284069538,206498.86751556396,8655.325325131416
2022-04-06,219123.99352276325,210468.66819763184,8655.325325131416
2022-04-07,217419.4894105196,208764.16408538818,8655.325325131416
2022-04-08,219814.43048870564,211159.10516357422,8655.325325131416
2022-04-11,223282.71913921833,214627.3938140869,8655.325325131416
2022-04-12,220478.2606278658,211822.93530273438,8655.325325131416
2022-04-13,221447.7197343111,212792.3944091797,8655.325325131416
2022-04-18,224015.11098492146,215359.78565979004,8655.325325131416
2022-04-19,222113.4697343111,213458.1444091797,8655.325325131416
2022-04-20,225147.13964092731,216491.8143157959,8655.325325131416
2022-04-21,227326.19655621052,218670.8712310791,8655.325325131416
2022-04-22,227213.69640362263,218558.3710784912,8655.325325131416
2022-04-25,223206.96069347858,214551.63536834717,8655.325325131416
2022-04-26,225504.7779084444,216849.452583313,8655.325325131416
2022-04-27,224858.85885632038,216203.53353118896,8655.325325131416
2022-04-28,224490.07430279255,215834.74897766113,8655.325325131416
2022-04-29,222832.59638226032,214177.2710571289,8655.325325131416
2022-05-02,225949.02433788776,217293.69901275635,8655.325325131416
2022-05-04,220965.54654705524,212310.22122192383,8655.325325131416
2022-05-05,221246.96155560017,212591.63623046875,8655.325325131416
2022-05-06,214992.1929703951,206336.86764526367,8655.325325131416
2022-05-09,210151.5943223238,134541.66278076172,75609.93154156208
2022-05-10,207391.01500713825,131781.08346557617,75609.93154156208
2022-05-11,203418.1173554659,127808.18581390381,75609.93154156208
2022-05-12,200296.09033977985,124686.15879821777,75609.93154156208
2022-05-13,202667.65102398396,127057.71948242188,75609.93154156208
2022-05-16,207402.0637513399,131792.13220977783,75609.93154156208
2022-05-17,212243.92890179157,136633.9973602295,75609.93154156208
2022-05-18,216174.85819256306,140564.92665100098,75609.93154156208
2022-05-19,215726.76469433308,140116.833152771,75609.93154156208
2022-05-20,220931.52772533894,145321.59618377686,75609.93154156208
2022-05-23,218708.90672314167,143098.9751815796,75609.93154156208
2022-05-24,215411.07917797565,139801.14763641357,75609.93154156208
2022-05-25,211902.7414857149,136292.80994415283,75609.93154156208
2022-05-26,214215.34108746052,138605.40954589844,75609.93154156208
2022-05-27,214960.66949474812,139350.73795318604,75609.93154156208
2022-05-30,215171.22465527058,139561.2931137085,75609.93154156208
2022-05-31,216600.81106579304,140990.87952423096,75609.93154156208
2022-06-01,218772.11220562458,143162.1806640625,75609.93154156208
2022-06-02,219063.85636913776,143453.92482757568,75609.93154156208
2022-06-03,218464.01390087605,142854.08235931396,75609.93154156208
2022-06-06,219746.41346752644,143512.97415924072,76233.43930828571
2022-06-07,220500.7892228365,144267.34991455078,76233.43930828571
2022-06-08,220711.8395615816,144478.4002532959,76233.43930828571
2022-06-09,221665.21328747272,145431.773979187,76233.43930828571
2022-06-10,219571.06407940388,143337.62477111816,76233.43930828571
2022-06-13,214853.3900758028,138619.9507675171,76233.43930828571
2022-06-14,213730.7629929781,137497.32368469238,76233.43930828571
2022-06-15,215847.83829510212,139614.3989868164,76233.43930828571
2022-06-16,212162.33937847614,135928.90007019043,76233.43930828571
2022-06-17,210883.6384049654,134650.1990966797,76233.43930828571
2022-06-20,205609.4638673067,129376.024559021,76233.43930828571
2022-06-21,210051.4640198946,133818.0247116089,76233.43930828571
2022-06-22,208834.2629929781,132600.82368469238,76233.43930828571
2022-06-23,208792.48866283894,132559.04935455322,76233.43930828571
2022-06-24,210528.46537792683,134295.0260696411,76233.43930828571
2022-06-27,211560.5637742281,135327.12446594238,76233.43930828571
2022-06-28,213648.61396801472,137415.174659729,76233.43930828571
2022-06-29,213166.81346905231,136933.3741607666,76233.43930828571
2022-06-30,212127.41424572468,135893.97493743896,76233.43930828571
2022-07-01,212336.83927166462,136103.3999633789,76233.43930828571
2022-07-04,213392.05659496784,171490.33211517334,41901.7244797945
2022-07-05,213051.19000256062,171149.4655227661,41901.7244797945
2022-07-06,214540.6992417574,172638.9747619629,41901.7244797945
2022-07-07,215555.09128582478,173653.36680603027,41901.7244797945
2022-07-08,216828.45882427692,174926.73434448242,41901.7244797945
2022-07-11,217783.4616395235,175881.737159729,41901.7244797945
2022-07-12,216278.0258103609,174376.3013305664,41901.7244797945
2022-07-13,215942.86562359333,174041.14114379883,41901.7244797945
2022-07-14,214994.11228191853,173092.38780212402,41901.7244797945
2022-07-15,217686.66146862507,175784.93698883057,41901.7244797945
2022-07-18,219745.6635209322,177843.9390411377,41901.7244797945
2022-07-19,220626.87128460407,178725.14680480957,41901.7244797945
2022-07-20,221336.60555279255,179434.88107299805,41901.7244797945
2022-07-21,222118.43845379353,180216.71397399902,41901.7244797945
2022-07-22,222432.3956757784,180530.6711959839,41901.7244797945
2022-07-25,222454.18643963337,180552.46195983887,41901.7244797945
2022-07-26,220455.30222332478,178553.57774353027,41901.7244797945
2022-07-27,221203.59600842,179301.8715286255,41901.7244797945
2022-07-28,221674.94927990437,179773.22480010986,41901.7244797945
2022-07-29,223893.60889446735,181991.88441467285,41901.7244797945
2022-08-01,228048.7735902071,186147.0491104126,41901.7244797945
2022-08-02,228368.8956452608,186467.1711654663,41901.7244797945
2022-08-03,228060.95137798786,186159.22689819336,41901.7244797945
2022-08-04,228353.81552898884,186452.09104919434,41901.7244797945
2022-08-05,229207.65354931355,187305.92906951904,41901.7244797945
2022-08-08,230368.912956357,191996.21560668945,38372.69734966755
2022-08-10,230627.26054775715,192254.5631980896,38372.69734966755
2022-08-11,231233.36159145832,192860.66424179077,38372.69734966755
2022-08-12,232398.8772279024,194026.17987823486,38372.69734966755
2022-08-16,233648.2765046358,195275.57915496826,38372.69734966755
2022-08-17,234734.97189342976,196362.2745437622,38372.69734966755
2022-08-18,235023.10076153278,196650.40341186523,38372.69734966755
2022-08-19,232592.01957714558,194219.32222747803,38372.69734966755
2022-08-22,229818.64210522175,191445.9447555542,38372.69734966755
2022-08-23,233919.68748486042,195546.99013519287,38372.69734966755
2022-08-24,237082.0957299471,198709.39838027954,38372.69734966755
2022-08-25,237229.75262463093,198857.05527496338,38372.69734966755
2022-08-26,237025.09261333942,198652.39526367188,38372.69734966755
2022-08-29,235479.24810039997,197106.55075073242,38372.69734966755
2022-08-30,238685.82150280476,200313.1241531372,38372.69734966755
2022-09-01,238171.46826946735,199798.7709197998,38372.69734966755
2022-09-02,237451.68740093708,199078.99005126953,38372.69734966755
2022-09-05,238160.4208985567,200648.2650489807,37512.155849576
2022-09-06,238845.50387966633,201333.34803009033,37512.155849576
2022-09-07,240510.35426723957,202998.19841766357,37512.155849576
2022-09-08,242202.45353329182,204690.29768371582,37512.155849576
2022-09-09,240948.49812328815,203436.34227371216,37512.155849576
2022-09-12,242691.97732555866,205179.82147598267,37512.155849576
2022-09-13,242086.62033474445,204574.46448516846,37512.155849576
2022-09-14,242634.54789364338,205122.39204406738,37512.155849576
2022-09-15,245389.98056423664,207877.82471466064,37512.155849576
2022-09-16,241406.64897930622,203894.49312973022,37512.155849576
2022-09-19,241384.18887722492,203872.03302764893,37512.155849576
2022-09-20,243827.8804398775,206315.7245903015,37512.155849576
2022-09-21,240216.44488155842,202704.28903198242,37512.155849576
2022-09-22,241298.19808590412,203786.04223632812,37512.155849576
2022-09-23,237393.7306138277,199881.5747642517,37512.155849576
2022-09-26,231027.69132626057,193515.53547668457,37512.155849576
2022-09-27,230837.5316621065,193325.37581253052,37512.155849576
2022-09-28,230721.44677746296,193209.29092788696,37512.155849576
2022-09-29,231449.3725167513,193937.2166671753,37512.155849576
2022-09-30,234757.8214303255,197245.6655807495,37512.155849576
2022-10-03,230938.99734127522,193426.84149169922,37512.155849576
2022-10-04,236171.93994152546,198659.78409194946,37512.155849576
2022-10-06,239025.4309617281,201513.2751121521,37512.155849576
2022-10-07,241732.63870632648,204220.4828567505,37512.155849576
2022-10-10,240438.9894257784,220017.5424003601,20421.44702541828
2022-10-11,235851.27519619465,215429.82817077637,20421.44702541828
2022-10-12,237308.68407452106,216887.23704910278,20421.44702541828
2022-10-13,235289.24322140217,214867.7961959839,20421.44702541828
2022-10-14,234868.33661282063,214446.88958740234,20421.44702541828
2022-10-17,237822.97912228107,217401.5320968628,20421.44702541828
2022-10-18,239829.0428353548,219407.59580993652,20421.44702541828
2022-10-19,238655.10611736774,218233.65909194946,20421.44702541828
2022-10-20,239127.09004604816,218705.64302062988,20421.44702541828
2022-10-21,238093.57645618916,217672.12943077087,20421.44702541828
2022-10-24,241162.9504853487,220741.50345993042,20421.44702541828
2022-10-25,242557.00454723835,222135.55752182007,20421.44702541828
2022-10-27,246666.07775509357,226244.6307296753,20421.44702541828
2022-10-28,245143.90295422077,224722.4559288025,20421.44702541828
2022-10-31,245996.5892869234,225575.14226150513,20421.44702541828
2022-11-01,244990.68631756306,224569.23929214478,20421.44702541828
2022-11-02,244290.0566369295,223868.60961151123,20421.44702541828
2022-11-03,245490.26600277424,225068.81897735596,20421.44702541828
2022-11-04,248349.83084118366,227928.38381576538,20421.44702541828
2022-11-07,250089.59051716328,237222.07361984253,12867.516897320747
2022-11-09,252948.5668336153,240081.04993629456,12867.516897320747
2022-11-10,249669.99091541767,236802.47401809692,12867.516897320747
2022-11-11,250559.84166538715,237692.3247680664,12867.516897320747
2022-11-14,250732.86711227894,237865.3502149582,12867.516897320747
2022-11-15,251135.31915390491,238267.80225658417,12867.516897320747
2022-11-16,251415.0415955782,238547.52469825745,12867.516897320747
2022-11-17,251604.79262459278,238737.27572727203,12867.516897320747
2022-11-18,253803.14038670063,240935.62348937988,12867.516897320747
2022-11-21,259784.14093601704,246916.6240386963,12867.516897320747
2022-11-22,262635.0428906679,249767.52599334717,12867.516897320747
2022-11-23,261457.6425343752,248590.12563705444,12867.516897320747
2022-11-24,262116.14087116718,249248.62397384644,12867.516897320747
2022-11-25,265323.4169045687,252455.90000724792,12867.516897320747
2022-11-28,265981.71757519245,253114.2006778717,12867.516897320747
2022-11-29,266098.9662171602,253231.44931983948,12867.516897320747
2022-11-30,265656.4412804842,252788.92438316345,12867.516897320747
2022-12-01,268484.36529934406,255616.84840202332,12867.516897320747
2022-12-02,269991.6943837404,257124.17748641968,12867.516897320747
2022-12-05,271279.3689519167,259710.82632255554,11568.542629361153
2022-12-06,274094.11891567707,262525.5762863159,11568.542629361153
2022-12-07,275456.8407326937,263888.2981033325,11568.542629361153
2022-12-08,280869.8415642977,269301.2989349365,11568.542629361153
2022-12-09,274792.6171437502,263224.07451438904,11568.542629361153
2022-12-12,279773.6666699648,268205.12404060364,11568.542629361153
2022-12-13,289659.6172810793,278091.07465171814,11568.542629361153
2022-12-14,293674.21709644794,282105.6744670868,11568.542629361153
2022-12-15,292188.7918740511,280620.24924468994,11568.542629361153
2022-12-16,286256.567083478,274688.0244541168,11568.542629361153
2022-12-19,285816.51638424397,274247.9737548828,11568.542629361153
2022-12-20,281599.6690198183,270031.12639045715,11568.542629361153
2022-12-21,277389.54314625263,265821.0005168915,11568.542629361153
2022-12-22,273131.6679764986,261563.12534713745,11568.542629361153
2022-12-23,259464.86903584003,247896.32640647888,11568.542629361153
2022-12-26,272666.84145748615,261098.298828125,11568.542629361153
2022-12-27,277083.0416623354,265514.49903297424,11568.542629361153
2022-12-28,275424.14356052876,263855.6009311676,11568.542629361153
2022-12-29,274900.9670430422,263332.42441368103,11568.542629361153
2022-12-30,279004.2177029848,267435.67507362366,11568.542629361153
2023-01-02,282785.617159009,271217.0745296478,11568.542629361153
2023-01-03,286229.71625339985,274661.1736240387,11568.542629361153
2023-01-04,281996.6934415102,270428.15081214905,11568.542629361153
2023-01-05,282576.3413621187,271007.79873275757,11568.542629361153
2023-01-06,280307.143840909,268738.60121154785,11568.542629361153
2023-01-09,282949.3313771486,277522.9601764679,5426.371200680735
2023-01-10,279850.28865253925,274423.9174518585,5426.371200680735
2023-01-11,281644.70552265644,276218.3343219757,5426.371200680735
2023-01-12,279547.9453393221,274121.57413864136,5426.371200680735
2023-01-13,281906.72829830647,276480.35709762573,5426.371200680735
2023-01-16,283749.4541016817,278323.082901001,5426.371200680735
2023-01-17,281969.49396908283,276543.1227684021,5426.371200680735
2023-01-18,284953.28582394123,279526.9146232605,5426.371200680735
2023-01-19,286689.64819538593,281263.2769947052,5426.371200680735
2023-01-20,283764.71737492085,278338.3461742401,5426.371200680735
2023-01-23,282669.25433170795,277242.8831310272,5426.371200680735
2023-01-24,280212.5411301851,274786.1699295044,5426.371200680735
2023-01-25,278240.3209553957,272813.94975471497,5426.371200680735
2023-01-27,270223.3331528902,264796.9619522095,5426.371200680735
2023-01-30,270302.4125005007,136699.3011264801,133603.11137402058
2023-01-31,273717.56027424335,140114.44890022278,133603.11137402058
2023-02-01,270029.6946069002,136426.58323287964,133603.11137402058
2023-02-02,269388.9186002016,135785.80722618103,133603.11137402058
2023-02-03,267861.23541653156,134258.124042511,133603.11137402058
2023-02-06,266904.7967797518,256441.53761672974,10463.259163022041
2023-02-07,265746.7192002535,255283.46003723145,10463.259163022041
2023-02-08,269614.3779717684,259151.11880874634,10463.259163022041
2023-02-09,269544.98192608356,259081.72276306152,10463.259163022041
2023-02-10,271129.32847225666,260666.06930923462,10463.259163022041
2023-02-13,267667.0422421694,257203.78307914734,10463.259163022041
2023-02-14,267828.29864513874,257365.0394821167,10463.259163022041
2023-02-15,268553.7452546358,258090.48609161377,10463.259163022041
2023-02-16,269996.87277805805,259533.613615036,10463.259163022041
2023-02-17,269974.88908207417,259511.62991905212,10463.259163022041
2023-02-20,269097.0287858248,258633.76962280273,10463.259163022041
2023-02-21,268414.54340183735,257951.2842388153,10463.259163022041
2023-02-22,263238.97900784016,252775.71984481812,10463.259163022041
2023-02-23,265526.6934891939,255063.43432617188,10463.259163022041
2023-02-24,263136.54919445515,252673.2900314331,10463.259163022041
2023-02-27,258460.2014695406,247996.94230651855,10463.259163022041
2023-02-28,260315.89717686176,249852.63801383972,10463.259163022041
2023-03-01,264371.60922825336,253908.35006523132,10463.259163022041
2023-03-02,262764.57380878925,252301.3146457672,10463.259163022041
2023-03-03,267116.16579067707,256652.90662765503,10463.259163022041
2023-03-06,270203.7431012392,165295.8170185089,104907.9260827303
2023-03-08,271962.7843686342,167054.85828590393,104907.9260827303
2023-03-09,272830.11024677753,167922.18416404724,104907.9260827303
2023-03-10,271537.8168679476,166629.89078521729,104907.9260827303
2023-03-13,267199.0591279268,162291.13304519653,104907.9260827303
2023-03-14,267102.95886433125,128577.63292121887,138525.32594311237
2023-03-15,267421.89171803,128896.5657749176,138525.32594311237
2023-03-16,266730.26039516926,128204.93445205688,138525.32594311237
2023-03-17,267782.6434575319,129257.31751441956,138525.32594311237
2023-03-20,266478.05008900166,127952.72414588928,138525.32594311237
2023-03-21,267080.1593590975,128554.83341598511,138525.32594311237
2023-03-22,268225.48469364643,129700.15875053406,138525.32594311237
2023-03-23,267485.5857774019,128960.25983428955,138525.32594311237
2023-03-24,265310.65110981464,126785.32516670227,138525.32594311237
2023-03-27,264382.70232594013,125857.37638282776,138525.32594311237
2023-03-28,263936.18528187275,125410.85933876038,138525.32594311237
2023-03-29,266743.2007638216,128217.87482070923,138525.32594311237
2023-03-31,268723.4421082735,130198.11616516113,138525.32594311237
2023-04-03,272000.5421715975,133475.2162284851,138525.32594311237
2023-04-05,271770.244117856,133244.91817474365,138525.32594311237
2023-04-06,272354.12485325336,133828.798910141,138525.32594311237
2023-04-10,272783.67020237446,244611.36470222473,28172.305500149727
2023-04-11,273892.67988979816,245720.37438964844,28172.305500149727
2023-04-12,275094.16392719746,246921.85842704773,28172.305500149727
2023-04-13,276347.96471607685,248175.65921592712,28172.305500149727
2023-04-17,276792.6292477846,248620.3237476349,28172.305500149727
2023-04-18,278205.9034615755,250033.59796142578,28172.305500149727
2023-04-19,278619.78741276264,250447.48191261292,28172.305500149727
2023-04-20,277914.87868130207,249742.57318115234,28172.305500149727
2023-04-21,277703.7971841097,249531.49168395996,28172.305500149727
2023-04-24,280037.6703130007,251865.36481285095,28172.305500149727
2023-04-25,280216.52854168415,252044.22304153442,28172.305500149727
2023-04-26,281546.64820683,253374.3427066803,28172.305500149727
2023-04-27,285957.0909348726,257784.7854347229,28172.305500149727
2023-04-28,288135.62866032124,259963.3231601715,28172.305500149727
2023-05-02,288517.7649537325,260345.45945358276,28172.305500149727
2023-05-03,286671.02918446064,258498.7236843109,28172.305500149727
2023-05-04,288325.1296635866,260152.8241634369,28172.305500149727
2023-05-05,288473.147457242,260300.84195709229,28172.305500149727
2023-05-08,292573.97922718525,270515.30661582947,22058.67261135578
2023-05-09,290139.88203442097,268081.2094230652,22058.67261135578
2023-05-10,291739.7319947481,269681.05938339233,22058.67261135578
2023-05-11,293402.1287881136,271343.4561767578,22058.67261135578
2023-05-12,292749.25252354145,270690.57991218567,22058.67261135578
2023-05-15,295562.3777962923,273503.7051849365,22058.67261135578
2023-05-16,294389.0239163637,272330.35130500793,22058.67261135578
2023-05-17,294569.57814610004,272510.90553474426,22058.67261135578
2023-05-18,296716.5622445345,274657.8896331787,22058.67261135578
2023-05-19,297225.0675755739,275166.39496421814,22058.67261135578
2023-05-22,297494.61561596394,275435.94300460815,22058.67261135578
2023-05-23,296690.4833203554,274631.81070899963,22058.67261135578
2023-05-24,298819.172060132,276760.49944877625,22058.67261135578
2023-05-25,299784.85198032856,277726.1793689728,22058.67261135578
2023-05-26,300683.75070011616,278625.0780887604,22058.67261135578
2023-05-29,300341.89794552326,278283.2253341675,22058.67261135578
2023-05-30,300463.0083447695,278404.3357334137,22058.67261135578
2023-05-31,303370.2416020632,281311.5689907074,22058.67261135578
2023-06-01,308053.4980431795,285994.82543182373,22058.67261135578
2023-06-02,312428.1117917299,290369.43918037415,22058.67261135578
2023-06-05,311708.61503994465,296106.6759223938,15601.93911755085
2023-06-06,311489.5002080202,295887.56109046936,15601.93911755085
2023-06-07,316201.89019978046,300599.9510822296,15601.93911755085
2023-06-08,315519.0512162447,299917.11209869385,15601.93911755085
2023-06-09,314918.8405381441,299316.90142059326,15601.93911755085
2023-06-12,318102.1120854616,302500.17296791077,15601.93911755085
2023-06-13,319895.10261547565,304293.1634979248,15601.93911755085
2023-06-14,320867.51195156574,305265.5728340149,15601.93911755085
2023-06-15,324307.8898411989,308705.9507236481,15601.93911755085
2023-06-16,325847.75398266315,310245.8148651123,15601.93911755085
2023-06-19,327922.7139531374,312320.77483558655,15601.93911755085
2023-06-20,328161.6155472994,312559.67642974854,15601.93911755085
2023-06-21,328799.714897275,313197.7757797241,15601.93911755085
2023-06-22,325764.3398553133,310162.40073776245,15601.93911755085
2023-06-23,322553.61669552326,306951.6775779724,15601.93911755085
2023-06-26,325991.77490627766,310389.8357887268,15601.93911755085
2023-06-27,328959.01569759846,313357.0765800476,15601.93911755085
2023-06-28,331226.37716305256,315624.4380455017,15601.93911755085
2023-06-30,332417.58750736713,316815.6483898163,15601.93911755085
2023-07-03,334269.5273743868,318667.58825683594,15601.93911755085
2023-07-04,334407.66273128986,318805.723613739,15601.93911755085
2023-07-05,336071.0761567354,320469.13703918457,15601.93911755085
2023-07-06,338843.43798077106,323241.4988632202,15601.93911755085
2023-07-07,336423.9003831148,320821.96126556396,15601.93911755085
2023-07-10,337619.4872170687,305898.3011703491,31721.18604671955
2023-07-11,339191.5357095003,307470.34966278076,31721.18604671955
2023-07-12,340298.5672951937,308577.3812484741,31721.18604671955
2023-07-13,337237.6018716097,305516.41582489014,31721.18604671955
2023-07-14,341076.749561429,309355.5635147095,31721.18604671955
2023-07-17,341221.36376583576,309500.1777191162,31721.18604671955
2023-07-18,339800.03429043293,308078.8482437134,31721.18604671955
2023-07-19,341757.61337673664,310036.4273300171,31721.18604671955
2023-07-20,344215.7012902498,312494.5152435303,31721.18604671955
2023-07-21,344446.1601678133,312724.97412109375,31721.18604671955
2023-07-24,347109.5513345003,315388.36528778076,31721.18604671955
2023-07-25,346514.315754056,314793.1297073364,31721.18604671955
2023-07-26,346856.1454812288,315134.9594345093,31721.18604671955
2023-07-27,345040.77563107014,313319.5895843506,31721.18604671955
2023-07-28,345935.02516567707,314213.8391189575,31721.18604671955
2023-07-31,350707.8313637972,318986.64531707764,31721.18604671955
2023-08-01,350599.0382119417,318877.85216522217,31721.18604671955
2023-08-02,344622.591938138,312901.40589141846,31721.18604671955
2023-08-03,345014.3278237581,313293.1417770386,31721.18604671955
2023-08-04,346490.4641686678,314769.27812194824,31721.18604671955
2023-08-07,348076.7185097933,307187.4719543457,40889.24655544758
2023-08-08,352544.24869549274,311655.00214004517,40889.24655544758
2023-08-09,355321.2319146395,314431.9853591919,40889.24655544758
2023-08-10,355196.7489129305,314307.5023574829,40889.24655544758
2023-08-11,351296.7674828768,310407.5209274292,40889.24655544758
2023-08-14,348944.7840768099,308055.5375213623,40889.24655544758
2023-08-16,351086.74352276325,310197.4969673157,40889.24655544758
2023-08-17,350401.387603879,309512.1410484314,40889.24655544758
2023-08-18,349773.31665432453,308884.07009887695,40889.24655544758
2023-08-21,350757.45291531086,309868.2063598633,40889.24655544758
2023-08-22,352453.0722695589,311563.8257141113,40889.24655544758
2023-08-23,353995.03232204914,313105.78576660156,40889.24655544758
2023-08-24,352971.19512951374,312081.94857406616,40889.24655544758
2023-08-25,353276.67867672443,312387.43212127686,40889.24655544758
2023-08-28,357863.02658474445,316973.7800292969,40889.24655544758
2023-08-29,359266.57080090046,318377.3242454529,40889.24655544758
2023-08-30,362044.76275646687,321155.5162010193,40889.24655544758
2023-08-31,362231.0774308443,321341.8308753967,40889.24655544758
2023-09-01,363744.1447831392,322854.89822769165,40889.24655544758
2023-09-04,368626.9283028841,354183.74380111694,14443.184501767159
2023-09-05,373638.2109795809,359195.0264778137,14443.184501767159
2023-09-06,373178.6339226961,358735.44942092896,14443.184501767159
2023-09-07,375639.77507030964,361196.5905685425,14443.184501767159
2023-09-08,379249.1007615328,364805.9162597656,14443.184501767159
2023-09-11,380395.6314698458,365952.4469680786,14443.184501767159
2023-09-12,360294.76265347004,345851.5781517029,14443.184501767159
2023-09-13,367341.8738976717,352898.68939590454,14443.184501767159
2023-09-14,373793.4952622652,359350.31076049805,14443.184501767159
2023-09-15,373802.32257092,359359.13806915283,14443.184501767159
2023-09-18,371687.4453431368,357244.2608413696,14443.184501767159
2023-09-20,372214.2293473482,357771.04484558105,14443.184501767159
2023-09-21,365588.3540879488,351145.16958618164,14443.184501767159
2023-09-22,363917.762313962,349474.5778121948,14443.184501767159
2023-09-25,366793.0625230074,352349.87802124023,14443.184501767159
2023-09-26,367060.57250607014,352617.388004303,14443.184501767159
2023-09-27,369115.38623440266,354672.2017326355,14443.184501767159
2023-09-28,366507.85680019855,352064.6722984314,14443.184501767159
2023-09-29,370695.3421174288,356252.1576156616,14443.184501767159
2023-10-03,371938.0206834078,357494.8361816406,14443.184501767159
2023-10-04,368351.0254174471,353907.84091567993,14443.184501767159
2023-10-05,371826.2148247957,357383.03032302856,14443.184501767159
2023-10-06,372659.6118890047,358216.42738723755,14443.184501767159
2023-10-09,361914.01273548603,349037.4025592804,12876.610176205635
2023-10-10,371585.5283719301,358708.9181957245,12876.610176205635
2023-10-11,374173.8618565798,361297.25168037415,12876.610176205635
2023-10-12,381690.5556393862,368813.94546318054,12876.610176205635
2023-10-13,381102.01472485065,368225.404548645,12876.610176205635
2023-10-16,384636.97558414936,371760.3654079437,12876.610176205635
2023-10-17,386773.21229946613,373896.6021232605,12876.610176205635
2023-10-18,381320.7998505831,368444.18967437744,12876.610176205635
2023-10-19,382442.0020695925,369565.39189338684,12876.610176205635
2023-10-20,376056.69372189045,363180.0835456848,12876.610176205635
2023-10-23,354533.7946931124,341657.18451690674,12876.610176205635
2023-10-25,353556.75865375996,340680.1484775543,12876.610176205635
2023-10-26,352719.37208378315,339842.7619075775,12876.610176205635
2023-10-27,358992.83641827106,346116.22624206543,12876.610176205635
2023-10-30,360750.5969964266,347873.98682022095,12876.610176205635
2023-10-31,360664.0760899782,347787.4659137726,12876.610176205635
2023-11-01,360560.3405610323,347683.73038482666,12876.610176205635
2023-11-02,363618.60821163654,350741.9980354309,12876.610176205635
2023-11-03,368801.38428890705,355924.7741127014,12876.610176205635
2023-11-06,372542.99997627735,345095.1340303421,27447.86594593525
2023-11-07,377441.74611485004,349993.8801689148,27447.86594593525
2023-11-08,379905.0403214693,352457.17437553406,27447.86594593525
2023-11-09,380234.7489911318,352786.88304519653,27447.86594593525
2023-11-10,380176.18238174915,352728.3164358139,27447.86594593525
2023-11-13,390881.50703155994,363433.6410856247,27447.86594593525
2023-11-15,394868.9090605974,367421.04311466217,27447.86594593525
2023-11-16,396316.10846722126,368868.242521286,27447.86594593525
2023-11-17,396804.7150660753,369356.8491201401,27447.86594593525
2023-11-20,395862.9927293062,368415.126783371,27447.86594593525
2023-11-21,393016.1759701967,365568.3100242615,27447.86594593525
2023-11-22,391300.771247983,363852.90530204773,27447.86594593525
2023-11-23,392100.34274303913,364652.4767971039,27447.86594593525
2023-11-24,393005.282512784,365557.41656684875,27447.86594593525
2023-11-28,394994.8588773012,367546.99293136597,27447.86594593525
2023-11-29,395370.3486148119,367922.48266887665,27447.86594593525
2023-11-30,398494.58377563953,371046.7178297043,27447.86594593525
2023-12-01,399977.4997712374,372529.6338253021,27447.86594593525
2023-12-04,406945.7587310076,0.0,406945.7587310076
2023-12-05,406945.7587310076,0.0,406945.7587310076
